id;name;code;video;category_code;steps;sort;source;html
124;Пицца;pizza-2;ac9d1a0022b1fa30368483b445f6739d/?p=Yy22CJHpWWIf0ObebVcJpg;pizza;["В тёплую воду добавляем соль,сахар, дрожжи, муку и растительное масло, замешиваем тесто, накрываем пищевой плёнкой и убираем в духовку при 50℃ на минут 20 -30 .","Куриное филе обжарить на капле растительного масла, посолить поперчить по вкусу.","Тесто раскатываем на присыпанной манной крупой пергаменте руками, формируя бортики.","Смазываем соусом, посыпаем тертым сыром, выкладываем курицу, сверху снова сыр.","Выпекаем при 220℃ примерно 7-10 минут."];40;https://www.instagram.com/reel/C97e0k8IZBM/?igsh=aGlxODdzc3FlaGM=;
125;Пицца пепперони;peperoni-pizza;3206482190593d4437f6e0a6f5a45eb0/?p=4mbIf8OUJqUAGJEGwpXQQQ;pizza;[];60;https://www.instagram.com/reel/C0UNq2zspLe/?igsh=MWFleThtejg4Y2QzcA==;
126;Мини пицца;mini-pizza-2;0e4f9e69d8cc1fc46a6504de558f08cd/?p=5yYWlda-2ctRff4ZxPFu0w;pizza;[];30;https://www.instagram.com/reel/C2R-LT7ImSy/?igsh=OHRia3psdTA0emgx;
128;Горячие бутерброды с яйцом;hot-egg-sandwich;be35584770ccc89c70d4b7a86ae99a65/?p=VJR7EiNGur-VG496vmA2MA;breakfast;[];30;https://www.vsegdavkusno.ru/recipes/tostyi-s-yajczom;
129;Сэндвич с яйцом и ветчиной;sandwich-egg-ham;e352ad3ace70c85af6ca939bd4278b1f/?p=9i0xYTY8UxKgiMVjp2ZTrg;breakfast;[];40;https://www.vsegdavkusno.ru/recipes/sendvich-s-yaycom-i-vetchinoy;
130;Оладьи;pancakes;04a5528d16ea10eda2a16552b4cd7bd4/?p=TnPGWff-T3VMa_1TKQkiuQ;breakfast;[];80;https://youtu.be/eGFAQaCtebI?si=3q5J8aN5rfRVxzZn;
131;Тосты с намазкой из крабовых палочек;toast-crab;d2c940f316f5c597bb4c186c8546d9ad/?p=dD7pqAt3cjAtV6VcebfV1Q;breakfast;[];10;https://www.instagram.com/reel/DJya42AsWS5/?igsh=MTRka2Y2OXMzYTF4bg%3D%3D;
132;Блинчики;bliny;9f4384b891af135b432ee372531b157c/?p=najo3_2tasmKrDakS4FKHA;breakfast;[];90;https://www.instagram.com/reel/DGf1RCyKgM7/?igsh=eHl3MWptbHlsMmx2;
133;Лепешка с колбасой и сыром;lavash-egg-sausage;26128f22e0c7f261c8c072cf35864c19/?p=ObWiG_BDkj-4g4-9GnB5Yw;breakfast;[];70;https://www.instagram.com/reel/DFR9PGTIpFE/?igsh=MWpmenh1MG90b3M5Yg%3D%3D;
134;Драники;draniki;e21736d78fbc70161e0a2d857e3373e1/?p=f1KWeopAd05z40H5y18dwg;breakfast;[];100;https://www.youtube.com/shorts/6OlSgdNrvZ0;
135;Тортилья с начинкой;tortilla;da1ead5e9f6ed7262bf983bc6dfd402f/?p=ITS9Gw_RtveUCg-YMlgS7g;breakfast;[];50;https://www.youtube.com/watch?v=XcNCgfoIty4;
136;Биточки по-французски;balls-french;bfc1e445e96c40d2b37dfef9f8728f60/?p=cOKBuseEL2vHsGV_zPzXHA;oven;[];70;https://www.instagram.com/p/C5YByWKMEkI/?igsh=c2I0cDlxNDRhNmtm;
137;Куриные рулетики с творожным сыром;chicken-roll;9c55f0dd5ed3bea515b9dee674b994c1/?p=480EaFuDx23q80NVfhIqxw;oven;[];60;https://www.instagram.com/reel/DIBfi54oOkE/?igsh=MW9tZnZidHFvNHhpbg==;
138;Запеканка а-ля жульен;julienne-casserole;84fa115dcfbaf76c66250288cf43195b/?p=0u8iMwufoCtI8WMmpiMmBg;oven;[];110;https://www.instagram.com/reel/C9j5XiMoGAB/?igsh=aDNuMWI1Mm9jNG12;
139;Чизкейк Сникерс;snickers-cheesecake;89ccd28ea83a1b0eed8de894981ed792/?p=ulIpSFkCzZGhjqvYzaYRSA;desserts;["Для основы измельчаем печенье и смешиваем с растопленным сливочным маслом.","Выкладываем в форму для запекания, формируем дно и бортики.","Отправляем в духовку на 10 минут при 180 градусах.","Для начинки смешиваем творожный сыр с сахаром, вводим яйца и сливки. Тщательно вымешиваем ложкой или венчиком. Отстукиваем миску с начинкой об стол, чтобы вышли все пузырьки. Это важно!","Переливаем начинку в остывшую форму и отправляем в духовку на 1 час 20 минут при 100-110 градусах. На дно духовки ставим форму с водой.","Каждые 10-15 минут проверяем, чтобы десерт не трескался и не поднимался.","Чизкейк будет готов тогда, когда масса схватится и не будет жидкая. Затем выключаем духовку, приоткрываем дверцу и даем чизкейку полностью остыть.","Карамель. Сахар высыпаем на сковороду с толстым дном и равномерно его распределяем.","Готовим карамель на небольшом огне, сначала сахар не мешаем, а дожидаемся момента когда он начнет таять посередине. Только после этого аккуратно перемешиваем сахар лопаткой, топим его до янтарного цвета и до полного растворения кристалликов.","Затем вливаем порционно горячие сливки постоянно помешивая, солим по вкусу и закидываем кусочек сливочного масла. Варим так ешё около минуты и готово.","К карамели добавляем арахис, перемешиваем и выкладываем на остывший чизкейк."];50;https://www.instagram.com/reel/C3fSau_t1kZ/?igsh=YWRrNXdxazFvN2ts;
140;Тирамису;tiramisu;1f2016dd79986465c3ecff7b5503f5eb/?p=rfkQiIZ7E3LFUBVWqfLs0A;desserts;["Смешать яйца, сахар, муку и крахмал.","Поставить на средний огонь и постепенно вливать молоко.","Постоянно мешая ждём минут 10, как масса загустеет и убираем с огня.","Добавляем масло и собираем торт как на видео, у меня получилось каждого слоя по 3.","Молочный шоколад растапливаем, смешиваем с маслом и заливаем торт сверху.","Убираем в холодильник хотя бы на пару часов и тортик готов."];90;https://www.instagram.com/reel/C8GpuYxtXUy/?igsh=eDBiYWgwZ2o1ZXIz;
159;Курники с курицей;kurniki;0c4b2fba03b5d8966301be241a8ffa22/?p=6sE9qpwHXm3JCuwWEE9hPQ;bakery;[];40;https://youtu.be/l0ad8Xqxs64?si=f42TvtWKhKKRp8FO;
141;Моти;moti-2;035ff40b5b755528b8b2a8965b5de0a2/?p=bhpT043noanfi1-MhArOlA;desserts;["В рисовую муку добавляем сахарную пудру, воду, и растительное масло. Я масло добавила на сковороду и там обжарила тесто.","Тесто готовим пока не прожарится везде. Дальше тесто присвпаем крахмалом, накрываем пленкой и даем остыть.","Творожный сыр смешиваем с сахарной пудрой и отправляем в холодильник.","Как тесто остынет нужно замесить его в крахмале. Чтоб не липло сильно к рукам.","Делим на 7 частей. Раскатываем каждую часть, выкладываем начинку и защипываем края.","Отправляем в холодильник на час или в морозилку на 20 минут."];111;https://www.instagram.com/reel/C2pWO3lMlMl/?igsh=MWM2YWoxNjZjdjUwMQ==;
142;Лазанья;lasagna;b60fa508a9a1fc666d0da6c4f8ca6a20/?p=tMJObmNyvQHvpU3aKSZgDQ;oven;["Подготавливаем все необходимые ингредиенты.","Лук нарезаем мелкими кубиками.","Лук обжариваем на растительном масле до золотистости.","Как только лук стал золотистым и мягким, добавляем к нему фарш.","Томатную пасту разводим мясным бульоном.","Фарш солим, перчим, добавляем томатную пасту, смешанную с бульоном, и тушим минут 10.","Готовим соус бешамель. В сковороде растапливаем сливочное масло, добавляем просеянную муку, непрерывно помешивая венчиком. Тонкой струйкой вливаем молоко, продолжая помешивать.","Как только соус начнёт густеть, добавляем соль и мускатный орех. Когда соус начнёт кипеть, выключаем огонь.","Сыр натираем на крупной тёрке.","Духовку разогреваем до 200 градусов. Собираем лазанью. Дно формы для запекания смазываем соусом бешамель. Затем выкладываем слой листов лазаньи (их можно свободно ломать). Сверху добавляем мясную начинку и равномерно распределяем. На мясную начинку - снова соус бешамель. Посыпаем сыром. Все слои выкладываем в том же порядке. Последним слоем должен быть сыр.","Форму с лазаньей отправляем в разогретую до 200 градусов духовку примерно на 30 минут (ориентируйтесь на свою духовку).","Приятного аппетита!"];30;https://www.russianfood.com/recipes/recipe.php?rid=153142;
143;Запеканка картофельная с курицей;chicken-casserole;c825811e913948e75a9eca861fb66868/?p=7CzlMWOKilh5KQGJmUAxeg;oven;[];50;https://www.instagram.com/reel/DJen965sQ_z/?igsh=MTZxOWxiNzhucXo2Mg==;
144;Мясные гнёзда;nests;6e29dddbe4db27adcd0f79f628178d8f/?p=S-IYdfAeL7juKKvb8YEIYw;oven;[];20;https://www.instagram.com/reel/Cu1Vwt6tt5T/?igsh=MTJ6Y2w0Y3Q2OTk0eg==;
145;Жульен;julienne;5fd477a3e83c4a19189a933cd5e8def0/?p=8fGxIzYpJuojgedc_FGMEw;oven;[];120;https://www.instagram.com/reel/C3jxDWNiZnP/?igsh=MTEzaThqNmtxMTBraw==;
146;Сырный суп;cheese-soup;df3a25ff1b470d5d99a46c0e2dcf8ef0/?p=AGO7VCX0Ox28pK9AHvyfqw;soup;[];20;https://youtu.be/88v2l-QqUt0?si=zGtL3f1v8EwQEH3z;
147;Борщ;borsch;2b79048d88169b5aa8c80b8957ccdc66/?p=iN8yVkHBg5KtD7tBfDEMhw;soup;[];40;https://youtu.be/dOXSZjED9Wc?si=zuoJ6SiHk5ygLPtL;
148;Сливочная уха из красной рыбы;red-fish-ear;4ed3bcaf57e11012959e5e9adf9f1250/?p=UxBuV4nmY8dqHNUreRQg8A;soup;[];60;https://www.instagram.com/reel/ChcHjrVgeY5/?igsh=MTlmenU4a213aWJtMQ==;
149;Щи;chi;af5c9f28fa79f173e618031b2c65888a/?p=9FsX3U_wE_auPUGrIIrfvg;soup;[];30;https://youtu.be/RwlZdOLvZB0?si=56dMaIzzYWrMtAOW;
150;Солянка;solyanka;cc2f533e6b6f86e53c099e31283bfc4f/?p=TFdy5mPcm-BGFfEaD77LzA;soup;[];50;https://youtu.be/hntvzb7--6I?si=_S8ptmz39XmF1tJm;
151;Куриный суп;chicken-soup;6a6341463457d12d9b64ea12b53a7756/?p=reSXxOOk72au1_WajXj-pw;soup;[];10;https://youtu.be/ynV3CF5QiqI?si=v7jv4IvyD5qBgE9Q;
153;Наггетсы;nuggets-2;fdacbf259492ed39e6efc42fbfda0660/?p=v8yyixPE3wtas_lK9DaO9w;fryer;["Куриное филе максимально измельчаем.","Добавляем соль, перец и специи.","Для панировки в муку добавляем паприку и сухой чеснок.","Формируем небольшие наггетсы и обваливаем в муке.","В эту же муку вливаем воду до консистенции жидкой сметаны.","Обваливаем наггетсы в кляре и жарим на большом количестве масла на среднем огне по 3 мин с каждой стороны."];40;https://www.instagram.com/p/C4StwEiyB4x/?igsh=MWluMTRzcHA2bDV5OQ==;
154;Тирамису;tiramisu-2;30717968678b10bf1501ea54858df8e4/?p=Acm0XYyjbtWRV4P0XaTzdQ;desserts;["Яйцо, сахар, соль, муку и кукурузный крахмал перемешиваем до однородной консистенции.","Добавляем молоко, перемешиваем, ставим на средний огонь и, постоянно помешивая, варим до загустения.","Выключаем огонь, добавляем сливочное масло и перемешиваем.","Даем пару минут остыть, а в это время в форму выкладываем ровный слой печенья.","Сверху выкладываем и разравниваем 1\/3 крема, а затем снова слой печенья.","Покрываем 1\/2 оставшегося крема и снова выкладываем слой печенья.","Делаем завершающий слой из крема, что остался, накрываем пищевой пленкой\/пакетом в контакт и убираем в холодильник пока будем готовить глазурь.","Для этого в микроволновке или на водяной бане растапливаем шоколад, добавляем растительное масло и перемешиваем.","Выливаем на наш десерт и убираем в холодильник до застывания глазури."];91;https://www.instagram.com/reel/C57pkMoNnGm/?igsh=MWtreGN5aWNreWk3eQ==;
155;Шоколадный торт;chocolate-cake;02dbb47323f05d268eca6a2a486cfd36/?p=Bjp-4h1Tn2pqh8uPmyiSAw;desserts;[];130;https://www.instagram.com/reel/Cx5so4koLHR/?igsh=N2JnaXF0cG81aDc5;
156;Пирог с ветчиной и сыром;pie-ham-cheese;d81029b0bdaa4b444fd7fd95cd0baaac/?p=H7ehHiLVYF1xt8uaTuEsZw;bakery;[];60;https://www.instagram.com/reel/DJocWTsOoCl/?igsh=MmxvMHN0cnN1MXgx;
157;Булочки с начинкой;bun-with-staff;d16f33f44074c003ea9f7a160c64e9c4/?p=btp_QL62W_jPAmYPpyxdRw;bakery;[];30;https://www.instagram.com/reel/C48M9NmoFg7/?igsh=b3dyb3VlcG8wYzI4;
158;Слойки с ветчиной и сыром;ham-cheese-puffs;0f8e6a3d93b046095413bbd2b793b843/?p=EQWF921ZJA53DAAmhV8-Mg;bakery;[];50;https://youtu.be/6-FWPOFDS2U?si=sP_r_l7ooUEvX6Yq;
160;Чебуреки;chebureks;8aac9029c4b5213b9313a3b7a00bdfd6/?p=seIUsAWJ97F04l7E-LeN4A;bakery;[];20;https://www.instagram.com/reel/C6l_VFfM9q5/?igsh=OGNudGd5c293cXh5;
161;Мясная подлива;meat-gravy;30305efb5cccb1d26eb6414228a84225/?p=9PeZ4ux4LELp85157YK1XQ;meat;[];40;https://youtu.be/y7M13kuoGvk?si=GeitNZx6KadNcWxQ;
162;Гречка с мясом;buckwheat-with-pork;91f465c803edb876c981cdf1789e6726/?p=_lAI3orZx_9T5h49jw5ebg;buckwheat;[];10;https://www.vsegdavkusno.ru/recipes/grechka-s-myasom;
163;Гречка в сливочном соусе;buckwheat-in-cream;e8dfd6f98415695575c31e7ee203d5c9/?p=-0MiPKFCkDBPakKH6iUYrg;buckwheat;[];40;https://www.instagram.com/reel/C-W8hbryc72/?igsh=MWUyc3Q1bGN1NmZ5cw==;
164;Гречка с сосисками;buckwheat-with-sausage;1f88d2af11b94117f3a6e45137cefb5a/?p=swWJOoGD6rnT1Rsq7MZAiQ;buckwheat;[];30;https://youtu.be/mIe3ZHXZIk0?si=0glwX5VCudGmG2sU;
166;Гречка с фаршем;buckwheat-with-forcemeat;b0d180d27b26b43bf5ad38d680834f4d/?p=mkWMrCKh-u1c-eBxVm3J3A;buckwheat;[];20;https://www.vsegdavkusno.ru/recipes/grechka-s-myasnyim-farshem;
167;Сырники;cheesecakes;131cb8363269d29f527b2234eafcfdf4/?p=yOUYa77zrr0D4GjnMxWIaA;breakfast;[];94;https://youtu.be/mafjY7YGbmQ?si=vHk8atA3WWJuN-zE;
169;Плов;plov;80766a35a09d14fe0a9baabbab02805c/?p=xItLl15fLtTvIkScHYlpBQ;rice;[];10;https://youtu.be/0YGQEjPjWFg?si=oxw2lF3eZmK7XPpP;
170;Слойки с сыром и колбасой;sausage-cheese-puffs;f0b3fb2b0e100dc17e25d0ec03a96da0/?p=8iuNN5YNs30Lzmk-2-9rcQ;bakery;[];55;https://www.instagram.com/p/C2PCN9ZLGKj/?igsh=b2lkaDdwc3RhNXU5;
172;Куриные отбивные;chicken-chops;622241a35267d94a43709a72cf253bdb/?p=8ZrPSKmWyalgp_-PWATvzA;cutlets;[];20;https://youtu.be/KG-AxCS58rA?si=8CRznFBk3zew3SQc;
173;Кордон-блю;cordon-bleu;5bb3fccb5f750153a75185f0d44e692e/?p=MOlee_TPogVkxVcjhBST3g;cutlets;[];10;https://www.instagram.com/reel/C-sOaQYMzZg/?igsh=czVzZmo2cjA0bnNy;
174;Пицца;pizza;dcad357c30006e9df1daf9b788d9520c/?p=Ue6q8fT-AQ94p9nlnGovAQ;pizza;[];50;https://www.instagram.com/reel/DJwaCAaNJm4/?igsh=MWVibXMwcjl3aDg2aA==;
175;Рис с курицей, грибами и сливками;rice-with-chicken-mushrooms;e42e2617994aeb74153292aed62a9da7/?p=uF-Pjei24NVip4C7qGC_RQ;rice;["Подготовьте все ингредиенты. Для кремовой консистенции готового блюда лучше всего использовать специальный рис для ризотто, но подойдёт и обычный круглозёрный рис. Лук и чеснок очистите.","Шампиньоны промойте, обсушите и нарежьте тонкими пластинками. Репчатый лук нарежьте небольшими кубиками. Чеснок натрите на мелкой тёрке.","Разогрейте в сковороде растительное масло и обжарьте лук 4-5 минут на среднем огне, до прозрачности.","Добавьте грибы, перемешайте и обжарьте всё ещё примерно 8 минут, пока не испарится выделившийся сок.","С куриных окорочков снимите кожу. Филе отделите от костей и нарежьте небольшими кусочками.","Курицу выложите в сковороду, перемешайте. Увеличьте огонь и обжарьте, помешивая, 6-8 минут. Вскипятите 250 мл воды.","Добавьте к куриному мясу чеснок, соль, перец и орегано, перемешайте.","Всыпьте сухой рис и перемешайте, чтобы он впитал в себя все соки.","Влейте сливки, доведите содержимое до кипения.","Уменьшите огонь до среднего и готовьте, понемногу подливая горячую воду и помешивая, примерно 15 минут. Рис в готовом виде не должен развариться, он будет слегка чувствоваться упругим.","Рис с курицей, грибами и сливками разложите по тарелкам и щедро присыпьте натёртым пармезаном или другим твёрдым сыром. Перемешайте."];20;https://www.russianfood.com/recipes/recipe.php?rid=173031;
177;Мини пиццы как в школе;mini-pizza;a63b0325d42de4d920ceb7acd5ea65dd/?p=MzNwAxl6xVt7fWVfg__s7A;pizza;[];20;https://www.instagram.com/reel/C_iMU5mgC_2/?igsh=bG52N3lnMzU1dGZ4;
178;Картошка с фаршем;potato-with-forcemeat;6ce975e35aef8c315611eba9a3829d3d/?p=fiD2M6FYcvYYhurxatdA2w;potato;[];20;https://youtu.be/ir_BA3uOfdQ?si=A_8Rbcn5xKlNYeNc;
179;Тушёная капуста с картофелем и фаршем;cabbage-with-forcemeat;7a99d055e39f65be15ee6cdbc3f4a1af/?p=M-pRcfp5dYsRSE8UCu1tuA;potato;[];40;https://youtu.be/NWoYDcmxklc?si=hHT2k6oJqKVkPPTc;
180;Жаркое по-деревенски;rustic-roast;c5dd511b12de452b6fa87da3b6f3167f/?p=lUe3n_ZC6Y1RPxi9hI97KA;potato;[];60;https://youtu.be/BYwb8aZZddw?si=MjauKbwOe8lcjy8p;
168;Рис с луком и морковью;rice;d8c3939e1397a5fe8cb24f225e4b311d/?p=aP4gm74NmaLekQlZyia-gw;garnirs;[];60;https://youtu.be/rXnYsIlMkSQ?si=eDIWAY64viub1NFN;
165;Гречка по-купечески;buckwheat;5484f55d19c39dc2298a1822ea67b909/?p=BvUa8ZDaqoMo2LakU8wvOA;garnirs;[];40;https://youtu.be/Yo95_4dddwU?si=89mZm58ZwshpG4MG;
181;Все закинули в сковороду и забыли;all-in-pan-and-forget;b0e5c2d5bf2b6d502780ae4180d49696/?p=EhieZtSekXKQbYc6EERs_g;potato;[];30;https://youtu.be/r7_pzprbwWs?si=_8aDEzaZb2wf_hU_;
182;Картошка с грибами;potato-with-mushrooms;4154d536dce97d98f5f518332fe1cd36/?p=_1ZRtKgel8ODpQEMISyImg;potato;[];80;https://youtu.be/Duy9T_AQ0Mk?si=ElYFCkKRPCZ8_Xuf;
183;Шоколадный десерт;chocolate-dessert;d8d5d69b248c2b801e46cee78ff530a5/?p=_20Iz-VD_wz3i1DpOF3zRQ;desserts;["Яйца взбить с сахаром добела, затем аккуратно ввести сухую часть через сито, перемешивая бисквит снизу вверх.","Выпекать его нужно в заранее разогретой духовке до 155-160 градусов.  Ставьте его на полку посередине, за счет низких температур и такого положения он не поднимется горкой и пропечется равномерно.","Проверить готовность можно по сухой деревянной палочке. Выпекать ~35-40 минут, до 20-25 минуты ни в коем случае не открывать дверцу духовки, иначе бисквит осядет.","После выпекания его необходимо немного остудить, затем разрезать на 2 равные части.","Для крема смешать все ингредиенты и взбить до состояния густой сметаны, а для глазури в разогретые сливки добавить шоколад и хорошо размешать.","Все соединить и отправить в холодильник примерно на 2-2,5 часа."];80;https://www.instagram.com/reel/C-z2pjMsYEY/?igsh=bjU4MDNoaTlmdXBk;
184;Тушенка с картошкой;potato-with-stew;69d4f932e0667c0a9e3acf2ca359263b/?p=ZGMWuMhJFSud9x8hTsBAQQ;potato;[];70;https://youtu.be/o1kUjqfFuIw?si=nYeG90qtwb2NQJQl;
185;Беляши с мясом;belayshi;1ce568152962b5a747090de7495d8cdd/?p=nR5QW0ZKJ7R8W6h6JkOyoA;bakery;[];25;https://youtu.be/4RlahJKJ_-8?si=gHfcykF870lPGdKR;
186;Сливочная картошка с грибами;potato-with-mushrooms-and-cream;53bdd49a8b4046e0379429b7ec85cf96/?p=8Xn64AmiK8SuDLFCrpQFEw;potato;[];90;https://www.instagram.com/reel/C7L7xopszCj/?igsh=MWN3bHlrdTIwNW1sdg==;
187;Свинина с картошкой на сковороде;potato-with-pork;a552b61bada2e539c9989bfe601fae06/?p=93mPjQyMb5Jsb8nKg538ag;potato;[];10;https://youtu.be/75FZOkYxPCg?si=M2KzjM8ZFzs1q5lC;
188;Тушеная картошка с мясом;stewed-potato-with-meat;211c5c9605c7d9dd184a15ea5bb88e89/?p=qX0miYcDJd8VNtx9OdKVmQ;potato;["Свиную шейку, репчатый лук, картофель нарезать кубиком, морковь натереть на крупной терке, чеснок и свежий укроп измельчить, зеленый лук мелко нарезать.","Нагреть в кастрюле или сотейнике растительное масло на среднем огне, выложить мясо и обжарить 5 минут на среднем огне.","В кастрюлю добавить репчатый лук, морковь и обжарить еще 5 минут на среднем огне, иногда перемешивая.","Затем добавить нарезанный картофель, сливочное масло и 300 мл воды, перемешать, плотно закрыть крышкой и тушить на слабом огне 30 минут.","Перемешать картофель с мясом, добавить овощную приправу, соль, перец, паприку сладкую, лавровый лист, укроп сушеный, чеснок и закрыть крышкой, перемешать. Тушить еще 15 минут на слабом огне с закрытой крышкой.","Тушеный картофель со свининой подавать горячим, посыпав свежей петрушкой и зеленым луком."];50;https://www.vsegdavkusno.ru/recipes/tushenyij-kartofel-so-svininoj;
191;Цезарь ролл;caesar-roll;0ee60d1a0ddf1e4310bcac91ea9064a6/?p=lFfSWAYW54QcWlFaPtCSkg;roll;["По лепешке распределяем фарш.","Солим, перчим и отправляем на заранее разогретую сковородку с небольшим количеством масла.","Обжариваем с одной стороны примерно 3-4 минуты.","На еще горячий фарш выкладываем сыр, ломтики помидора и айсберг. Добротно поливаем все соусом и едим, пока не остыло."];20;https://www.instagram.com/reel/DGYQLW6tA1P/?igsh=eG41Y3lidHVzaDdz;
192;Кексы;cupcakes;a8f449e47fcf6e3c2446b32a63a5dc91/?p=sihSpeczD-efE8uFWQQ-zA;desserts;["Выпекать в разогретой духовке 30-35 минут при 180℃"];40;https://www.instagram.com/reel/C_mvkQbCTJH/?igsh=bjF4M2J4bzQ4MXRo;
194;Ролл с наггетсами;roll-with-nuggets;d31428bbfb9af43f39912a0da16f8d57/?p=ncpItafT2OheYuxDQqhOBQ;roll;[];10;https://youtu.be/dxGGjs9Cisc?si=OHz7yH1O5zqsqH_X;
190;Куриные бедрышки с паприкой;paprika-marinade;;marinade;[];70;https://dzen.ru/a/YKKnpnm-fiF0TyhQ?ysclid=m4f95t6z9b100901792;
195;Брауни;browne;817fec9bf9a285c384823873c95252be/?p=bdzZJ86IWGY1FFNVs6N4OA;desserts;["Выпекать 25\/30 мин. при 180℃ в заранее разогретой духовке.","Почти полностью остудить и можно пробовать"];120;https://www.instagram.com/reel/DHDvHBkoxDW/?igsh=MW1nemZ5bGRlM3Nwcw==;
197;Макароны в сливках с беконом;pasta-in-cream-with-bacon;dcb18215f9c35da78dcd616c44e2a9b9/?p=__s4ZECWRoWY8Gwob7ce7Q;pasta;["И так для начала нарезаем бекон дольками обжариваем его на растительном масле что бы вышел жир. Параллельно начинаем варить макароны","К обжаренному бекону добавляем  сливки, затем сыр","Перемешиваем чтобы растаял сыр и выключаем огонь","Макароны сливаем и даём воде полностью уйти. Потом макароны добавляем к соусу и перемешиваем"];10;https://www.instagram.com/reel/C37twMCtudE/?igsh=MTA5eDNiZzlseGZ2aQ==;
198;Картофельные палочки;potato-sticks;d5a9538a3c167c838ce3acac4874eb78/?p=jnnwYf6dBWpMEgrevoDWfQ;fryer;[];30;https://www.instagram.com/reel/DBtSLIcMS7d/?igsh=MWdsYmJiZnF1dTFxdg==;
199;Сырники;cheesecakes-2;49b85cb6c6e666260f37d0c984c92d28/?p=sq5wXTqu0pfMhxZdTc9BbA;breakfast;[];93;https://www.instagram.com/p/C4BU-8zykfW/?igsh=NDE5cGxxeHdiNDFw;
200;Слойка с киндером;puff-with-kinder;21a4403cfe80c122c867c0e53f65126d/?p=o0W61m8k2dsYHQo-n9vfdg;desserts;[];10;https://www.instagram.com/reel/DJ8_N8CsjAa/?igsh=M2NmaThld2V3ZWNu;
201;Печенье Американо;americano-cookies;03bd41176a4bd4cedbdca1481b8c0bc2/?p=TJpAq0la-LteEBabsKfeKg;desserts;["Сливочное масло должно быть размягченным либо жидким.","Муку много не добавлять. Если кажется что тесто слишком мягкое и жидковатое, то отправить в холодильник на 20 минут и дальше формировать печеньки и в духовку.","Выпекать при 160 градусах 11-12 минут."];20;https://www.instagram.com/reel/C84JVe7qNsa/?igsh=aXAyanhoZnpwYWo5;
202;Наггетсы;nuggets;035accb6665f1a4d5a5e596e923a4720/?p=NkQz0wdpyQPVkTg9kVGB-A;fryer;["Смешиваем куриную грудку , яйцо , сыр в блендере , формируем наггетсы и выкладываем на противень, отправляем в духовку на 180 градусов 30-35 минут, до появления золотистой корочки."];50;https://www.instagram.com/reel/DIrAhZLgI_P/?igsh=N3d4cm9wZDkwN3k1;
203;Бефстроганов из говядины;beef-stroganoff;a597748ee50e046b99cb7ed10cd97a49/?p=zBWZsdGVvTLww3QpbOEzig;meat;[];20;https://www.instagram.com/reel/DHGKnUOI0_u/?igsh=Z3lxOXB1djBpaGlu;
204;Куриные стрипсы;chicken-strips;652b62b8f89f5ed16590c12c17d79943/?p=OIkZxvuut6-PgbU51yIqEg;fryer;[];60;https://www.instagram.com/reel/C6EpPAbK4Vf/?igsh=MXN3NzdvNXczdWNiMA==;
205;Ленивые сосиски в тесте;lazy-sausages-in-dough;ef89dc564769cdfcde960d757e165669/?p=98a6eAJ8eIm26UbaAaPR0w;fryer;["Обжариваем по 1-2 минуте с каждой стороны, перекладываем на бумажные полотенца на пару минут и можно подавать к столу"];70;https://www.instagram.com/p/CzEmIJPtpH7/?igsh=b3M4NDAzdWw0OHZm;
206;Меренговый рулет;meringue-roll-2;dbdf3beafce2a48d48975eaeef0f21b1/?p=ymnthSbQoN-CCAoyY6yTDA;desserts;["Сначала взбиваем белки добавляя щепотку соли.","Как только масса побелела, добавляем частями сахар и взбиваем на самой высокой скорости. Масса должна получиться устойчивой.","Далее добавляем лимонный сок и кукурузный крахмал - еще раз перемешиваем.","Выкладываем на противень, равномерно распределяя. Используйте хороший пергамент для выпечки - силиконизированный чтобы ничего не прилипало.","Время приготовления зависит от вашей духовки (около 30 минут) Я выпекала 25 минут при температуре 150. Начинайте выпекать с температуры 140.","Верхний слой должен подсушиться и покрыться корочкой. При нажатии на меренгу сверху она потрескается, но внутри останется мягкой.","После приготовления дайте меренге остыть. Накройте его другим листом бумаги для выпечки и переверните.","Для крема перемешиваем все ингредиенты и взбиваем пока масса не станет однородной и плотной - крем готов.","Крем выкладываем на меренгу, распределяем равномерно. Сверху выкладываем ягоды или фрукты.","Сворачиваем аккуратно помогая бумагой для выпечки. Украшаем остатками крема и убираем холодильник на 2 часа."];71;https://www.instagram.com/reel/C86xRHIN-S8/?igsh=MWgyNGRibGwxMTZraw==;
207;Меренговый рулет;meringue-roll;9f5d88d37ddd65100db29d432b0baff3/?p=zk6vshRuyufciLjQCeyD0g;desserts;[];70;https://www.instagram.com/p/C--a-7qsvgX/?igsh=MW1rYXVzYmx4dGRqbA==;
208;Торт Сникерс;snickers-cake;5cc2ac29d730ef82edd4cafa9c394474/?p=1Up_axhL8idMW57diHHGQQ;desserts;[];140;https://www.instagram.com/p/C9yrjBFIk9h/?igsh=MWNtZDhramh3c3p4NQ==;
209;Баунти;bounty;4a94397006ee0e453916e22347716523/?p=lgd2EVCC8-R-sPFxYVoZ0g;desserts;[];105;https://www.instagram.com/reel/C3K0Rf4Ilo0/?igsh=MWNhaW40bWNibWZtdQ==;
210;Торт 3 стакана;cake-3-cups;dafd7940cdee21dbd3e4bf90e7750e5a/?p=UvCXTmVubfHkCUlo3lgLKg;desserts;[];150;https://www.instagram.com/reel/C92cBC2NFm4/?igsh=Z2Z4OGcwdGdwMWZj;
211;Моти;moti;6a3f8b9b79f84f19398bb9663b468b6d/?p=aKFrmyhg146dHYoMVwbq5Q;desserts;[];110;https://www.instagram.com/p/C1jm6QlSGVe/?igsh=NTFpenhkNGNkZGUx;
196;Птитим;ptitim;e3fcb47d101cf35e5176808af5241dd1/?p=bQghU7kp1ZWhuQ0LGgXYXQ;garnirs;["На сухой сковороде обжарьте птитим до золотистого цвета.","Залейте водой и варите на слабом огне 10–15 минут, помешивая.","Обжарьте помидоры черри с шпинатом и чесноком.","Добавьте сливки.","Вмешайте сыр.","Доведите соус до кипения (примерно 3 минуты), пока сыр не расплавится.","Добавьте готовый птитим."];70;https://www.instagram.com/reel/DFKtIsvtOOB/?igsh=MWdma2k4MHYzZG12Zg==;
212;Крабовый салат;crab-salad;6922043ecedcc722c44841aa43712d5e/?p=vkioeOhPkvb4Iu3glVOx7g;salad;["Для начала необходимо сварить рис, после того как рис сварился, промываем его кипяченой водой и оставляем остывать на час или два в холодильнике.","Пока остывает рис, поставим варить яйца, варим их в течение 5-8 минут после закипания, потом заливаем холодной водой и оставляем остывать.","Остывший рис перекладываем в глубокую тарелку и добавляем к нему кукурузу, предварительно слив с нее воду.","Нарезаем крабовые палочки, огурец, яйца мелким кубиком и перекладываем все в тарелку к рису и кукурузе.","Заправляем наш салат майонезом и добавляем соль по вкусу.","Все тщательно перемешиваем и наш салат готов"];30;https://youtu.be/rm7UlVNvrQs?si=K0_pTD_UNoGqwzfD;
213;Салат с колбасой и маринованными огурцами;salad-with-pickles-and-sausage;ea3893f85fa5c75deed6575f60c9d3d5/?p=he82hr80PWWXtNfW_XMujg;salad;[];40;https://www.instagram.com/reel/CuPHF_Yo4BJ/?igsh=d3I4NzJ3YXRnMHM=;
214;Салат «Нежность»;salad-nejnost;b73d17b9b4f523c19070237f931a9231/?p=7muxZQinmkADDdYcdTdPgw;salad;["Куриные яйца отварить вкрутую 8 минут на среднем огне, затем, сразу остудить в холодной воде.","Нарезать курицу, консервированные ананасы, куриные яйца небольшими кубиками, сыр натереть на средней терке, выложить в миску, добавить консервированную кукурузу, майонез, соль перец и перемешать."];20;https://www.vsegdavkusno.ru/recipes/salat-nezhnost;
215;Салат с копченой курицей и сухариками;salad-with-chicken;4f6ab409450664164e2454db6ed406ab/?p=vIdlRTy0t-_Hpj4tCwLzYg;salad;[];10;https://www.instagram.com/reel/CtEP6FQgFhX/?igsh=amVwbnRkYjFpb2ln;
221;Кекс столичный;cupcake;1c0167adebd5ef2f62df0d71f6b1290e/?p=-osUp_qgTEwBD2kFb3AkMw;desserts;["Как сделать столичный кекс с изюмом по ГОСТу? Подготовьте продукты. Важное условие: у всех ингредиентов должна быть одинаковая температура - комнатная. Поэтому яйца и масло выньте из холодильника заранее. Изюм возьмите без косточек. Яйца вымойте и обсушите салфетками.","Изюм тщательно промойте под теплой проточной водой, а затем обсушите, выложив его тонким слоем на салфетку или бумажное полотенце.","Возьмите мягкое сливочное масло. Добавьте к нему сахар обычный и ванильный. Миксером взбейте масло с сахаром до пышной массы.","Не прекращая взбивать, добавьте по одному яйца. Для этого их удобнее будет разбить в отдельную чашку. После каждого яйца хорошо перемешайте массу. Яйца предварительно вымойте в проточной воде с использованием средства для мытья пищевых продуктов, так как на его поверхности могут быть вредные бактерии.","В итоге должна получиться однородная жидкая масса.","Добавьте в нее изюм. Перемешайте лопаткой, чтобы изюм равномерно распределился.","Просейте в миску во взбитой массой всю муку и разрыхлитель. Просеивание насыщает муку воздухом, поэтому выпечка становится пышнее и воздушнее. Помните, что муки может понадобиться чуть меньше или больше, подробнее читайте в статье, в конце рецепта. Особенности использования в выпечки разрыхлителя вы узнаете из статьи, ссылка в конце рецепта.","Миксером на низких оборотах размешайте муку до полной однородности теста.","Возьмите прямоугольную форму. Именно в такой пекли Столичный кекс во времена СССР. Моя форма размером 20*9 см. Я использую силиконовую форму, ее не надо никак подготавливать. Если ваша форма из другого материала, то смажьте ее тонким слоем сливочного или растительного масла. Выложите в форму тесто. Разровняйте лопаткой. Обязательно сделайте мокрой лопаткой борозду посередине, чтобы кекс при выпечке лопнул красиво по ней, а не как попало.","Выпекайте кекс в духовке, заранее разогретой до 170°С, в течение примерно полутора часов. Температура и время указаны приблизительно, ориентируйтесь по своей духовке. Подробнее о работе духовок читайте в статье в конце рецепта. Кекс сильно поднимется и лопнет по заранее проведенной полоске. Горячий кекс остудите прямо в форме, затем выньте и обильно посыпьте сахарной пудрой сверху."];30;https://1000.menu/cooking/14341-keks-stolichnyi-po-gostu-s-izumom?ysclid=mbi7mkwj9s582360684;
222;Сырки;glazed-cheese;0234a509cef9fc58d40b45f9d3417951/?p=aLJ14UgapaPWM15wZkCNeQ;desserts;[];100;https://www.instagram.com/reel/C4ANkPkN1h4/?igsh=MTd5MzZpcHBvdjZ5aw==;
223;Рулет Рафаэлло;rafaello-roll;d30beb0fe073213a6fdb826881fd5545/?p=zp-FoydAGnpV-vJfOYT2Bg;desserts;["Основу нужно выпекать в духовке при 160 градусов на режиме конвекция 25 минут, и тогда она будет идеально правильная.","Достать из духовки, остудить 5-7 минут, перевернуть, убрать пергамент и наносить крем. Свернуть в рулет и украсить"];60;https://www.instagram.com/reel/C1MWcXvILCM/?igsh=NDdsOW84NGdraXZs;
225;Тушёная капуста с картофелем и сосисками;cabbage-with-sausages;30c9a4ba1fe23a962877af0dd813ff0d/?p=KnOC6yYi3-26uoH62oepwg;potato;[];100;https://youtu.be/OhC-rv3YQz8?si=nZx2OaHudbD5vLDs;
227;Куриные тефтели в томатно-сметанном соусе;chicken-meatballs;b90b1316dcba6fd31b1bba4fae54c6b7/?p=5QNG-b0YHcIoSJX6lO4idw;cutlets;[];30;https://www.instagram.com/reel/C50xzEiNxO9/?igsh=ZTJ2MWZqbW8yZW93;
228;Сырные шарики;cheese-balls;6c914836ee9d23c25405f2ce35b37442/?p=fPCmeD7LHN1ZBCyrZsnWcg;fryer;["Сыр натираем на мелкой тёрке, добавляем 2 белка и перемешиваем.","Отдельно смешиваем 2 яйца и  2 желтка.  Добавляем туда муку и хорошо перемешиваем.","Из сырной массы формируем небольшие шарики, обваливаем в кляре и панировочных сухарях. При необходимости обваливаем  2 раза кляр-сухари.","Обжариваем во фритюре и готово. Я жарила на 8-ке по секунд 30 примерно, но вы уже подстраивайтесь под свою плиту."];10;https://www.instagram.com/reel/C8yfc6RNzRX/?igsh=eW9xdndvMDNqam16;
229;Макароны с креветками;pasta-with-shrimps;84f783aa41055484f9ed1d0760c31b44/?p=H9VPed_KVDK-hpXjvqEnEg;pasta;["Креветки разморозить, очистить от панциря, надрезать спинку и убрать пищевод, промыть в холодной воде.","Налить в кастрюлю 2 л воды, добавить оливковое масло, 1,5 ст.л. соли, довести до кипения и сварить пасту до состояния «аль денте», если на упаковке не указано, то варите на 1-1,5 мин меньше по времени указанному на упаковке. После варки отлить 100 мл воды, в которой варили пасту, для соуса.","Нарезать мелко листья петрушки, чеснок измельчить.","Разогреть сковороду со сливочным маслом, добавить креветки, ½ ч.л. соли, ½ ч.л. черного молотого перца, обжарить с обеих сторон до золотистого цвета на сильном огне 2 минуты","Добавить в сковороду чеснок, обжарить еще минуту, налить сливки, 100 мл воды, в которой варилась паста, насыпать пармезан, убавить огонь до среднего и перемешать до состояния однородного соуса.","Через 2 минуты слить оставшуюся воду, в которой варилась паста.","В сковороду добавить готовую пасту, хорошо перемешать, чтобы объединить все ингредиенты. Перед подачей Пасту с креветками посыпать натертым пармезаном и петрушкой. Подавать горячей."];20;https://youtu.be/e77yWTlngTI?si=5yKzTv9CI0UTLjef;
231;Фритата;fritata;ed8895c7ab395c4df62569587958a727/?p=XXfooshZ3FJdSUly6etlPg;breakfast;[];110;https://www.instagram.com/reel/DHDt3nGNBbj/?igsh=NjludTNuY2c3emNz;
232;Рисовая каша;rice-porridge;0bae02c83582beb4c7506f5596c2c2de/?p=bfl2xkpq6ljOJusE1w90dg;breakfast;[];120;https://youtu.be/I6kG6tl8AWI?si=dN5yFH_Jb-9ZT27Q;
233;Треугольники из лаваша с колбасой и сыром;bread-triangles;64639e70dc92d6caef8cfdb00e18a0d3/?p=EBWv4SHHv0mxihft28PHGw;breakfast;[];60;https://www.youtube.com/watch?v=RyAUfCpX8cM;
234;Сэндвич с тунцом;sandwich-tuna;6e581056e54041dedd003e7f688c55a6/?p=nhRM0zzX5xHf7V6gGb-cKQ;breakfast;[];20;https://www.instagram.com/reel/DG2OvBVNKmW/?igsh=MWwyeGF0eDkyOTUxdg%3D%3D;
235;Картофель с курицей и помидорами, запечённые в пергаменте;potato-with-chicken-and-tomatoes;d13d8720af6aece9e06f6f3cc9a96a8d/?p=FhVngbH6O8HN86G3kUFpiA;oven;["Подготавливаем все необходимые продукты.","Куриное филе нарезаем небольшими кубиками.","Перекладываем филе в миску.","Чеснок очищаем и пропускаем через пресс. Добавляем в миску с филе соль, черный молотый перец, карри и чеснок.","Все перемешиваем и отставляем в сторону.","Лук очищаем и нарезаем полукольцами.","Помидоры нарезаем полукружьями.","Включаем духовку для предварительного разогрева до 180 градусов. Отрезаем лист пергамента 30х30 см.","От краёв листа отмеряем примерно по 3,5 см и делаем загибы, как на фото.","Повторяем загибы ещё 2 раза.","Затем скручиваем концы, как на фото.","Должна получиться вот такая лодочка.","Так формируем 4 лодочки.","Картофель очищаем и нарезаем тонкими кружочками.","На дно лодочек выкладываем слой картофеля. Картофель немного солим.","Затем вторым слоем распределяем лук.","Сверху - куриное филе.","Последним слоем выкладываем помидоры. Помидоры можно также немного присолить.","Все лодочки выставляем на противень.","Отправляем лодочки в заранее разогретую до 180 градусов духовку на 20-25 минут.","Твёрдый сыр натираем на крупной тёрке. Вынимаем лодочки из духовки, посыпаем куриное филе с овощами натёртым сыром.","Снова ставим лодочки в духовку на 15-20 минут. Запекаем до румяной корочки.","Картофель с курицей и помидорами, запечённые в пергаменте, готовы к подаче."];80;https://www.russianfood.com/recipes/recipe.php?rid=166358;
238;Куриные бёдрышки, запечённые с картофелем в сливках;chicken-bedro;ef464e2255f7b84d64b28256c7f65f01/?p=vRB3T0bySeko5ihQyaJCHA;oven;["Подготавливаем все необходимые продукты.","Куриные бёдрышки промываем и обсушиваем бумажными полотенцами. При желании снимаем кожу. Извлекаем косточки и разрезаем каждое бедро на 2 части.","Кусочки курицы выкладываем в форму для запекания. У меня форма размером 20х15 см. Добавляем соль, перец, итальянские травы и растительное масло. Тщательно втираем специи, травы и масло в каждое бёдрышко. Включаем духовку разогреваться до 180 градусов.","Лук очищаем и нарезаем четвертькольцами.","Выкладываем лук к подготовленной курице, перемешиваем ингредиенты.","Картофель очищаем, промываем и нарезаем тонкими полукружиями.","Выкладываем картофель к мясу птицы в форму.","Аккуратно перемешиваем, чтобы большая часть картофеля с луком оказалась внизу, под кусочками курицы (как на фото).","Заливаем куриные бёдрышки с картошкой и луком сливками.","Смачиваем бумагу для запекания в воде и накрываем форму влажным пергаментом. Сверху пергамент накрываем листом фольги и со всех сторон закрепляем по краям формы, чтобы во время приготовления не выходил пар.","Отправляем форму в разогретую до 180 градусов духовку, запекаем блюдо 50-60 мин, почти до готовности (ориентируйтесь на особенности своей духовки).","По истечении времени достаём форму из духовки, освобождаем от фольги с пергаментом.","Натираем сыр на крупной тёрке и посыпаем сверху курицу с картошкой. Отправляем обратно в духовку (но уже без фольги с пергаментом) на 10-15 минут. Когда сыр полностью расплавится, достаём блюдо из духовки.","Куриные бёдрышки, запечённые с картофелем в сливках, готовы.","Подавать такое блюдо можно с овощным салатом, свежими овощами или разносолами."];100;https://www.russianfood.com/recipes/recipe.php?rid=166027;
239;Мясной пирог "Чизбургер";pie-cheeseburger;aa3dcde377a38f90932ae2ca33731b6c/?p=5x3CkgWNbCv4Vc7eDU186w;bakery;["Для теста развести дрожжи в теплой воде (или молоке). Добавить сахар и немного (4 ч. ложки) муки, перемешать. Подождать 5-10 минут.","Если опара вспенилась, то дрожжи хорошие и можно продолжать замес теста. Добавить в опару соль, перемешать. Вылить опару в миску с мукой. Добавить яйцо (комнатной температуры) и растительное масло.","Замесить мягкое липковатое тесто. Количество муки может у каждого быть разным, смотрите по консистенции теста. Выложить тесто на стол. Добавить совсем небольшое количество муки, чтобы тесто не прилипало к рукам и столу, и вымешивать 4-5 минут. Тесто округлить, накрыть пищевой пленкой и оставить в теплом месте до увеличения в 2 раза (40-60 минут).","Для начинки обжарить фарш 12-15 минут, чтобы из него выпарилась вся влага. Посолить и поперчить по вкусу.","Огурцы нарезать кружочками. Лук очистить и нарезать небольшими кубиками. Сыр я купила уже нарезанный. Если у вас целый кусок сыра, можете натереть его на терке или нарезать тонкими ломтиками.","Тесто разделить на две части: 2\/3 и 1\/3. Поверхность стола хорошенько припылить мукой. Но слишком много муки не используйте, чтобы тесто в итоге не было забитым. Большую часть теста раскатать в большой круг, который покроет дно и стенки разъемной формы для выпечки диаметром 22 см. Форму смазать растительным маслом, выложить пласт теста.","На тесто выложить фарш, разровнять равномерным слоем. Полить кетчупом и разровнять.","Затем выложить слой лука и слой огурцов.","Сверху выложить сыр.","Меньшую часть теста раскатать в круг по диаметру формы и накрыть начинку. Хорошо защипнуть края, потом завернуть их внутрь формы. Накрыть пирог полотенцем и дать ему подойти в течение 10-15 минут. Духовку включить для разогрева до 180 градусов.","Верх пирога смазать желтком с молоком и посыпать кунжутом.","Выпекать мясной пирог \"Чизбургер\" 40 минут при температуре 180 градусов. Если верх пирога зарумянится слишком быстро, накрыть форму фольгой и продолжать выпекать.","Остудить пирог \"Чизбургер\" под полотенцем и достать из формы.","Приятного аппетита!"];10;https://www.russianfood.com/recipes/recipe.php?rid=152532;
241;Тефтели;meatballs-with-rice;c7aecb365841d07d99fa1f4ad53c5c7e/?p=fkIQ8Dew3dxjlJfUBgDnMQ;meat;["Соединяем фарш и перекрученную на мясорубке (мелко нарезанную) луковицу. У меня 350 грамм смешанного (говядина+свинина) и 150 грамм куриного бедра. Вы же можете выбрать любой.","Добавляем остывший рис. Предварительно отвариваем его до полуготовности (100 грамм сырого риса), не промываем, но даем остыть. Разбиваем яйцо, солим,  перчим по вкусу. Также добавляю молотый чеснок, можете заменить свежим. Тщательно размешиваем и отбиваем.","Формируем тефтели с помощью ложки (нужного размера), кладем на противень. Для удобства я застелила его пергаментом, удобнее мыть и ничего не пристанет.","Получилось 12 штук, отправляем в разогретую духовку при 200 градусах на 25 минут.","Готовим соус: обжариваем до золотистого цвета на растительном масле нарезанный кубиком лук и натертую на крупной терке морковь.","Чтобы соус был без комков, соединяем в отдельной чаше томат, сметану и муку. Размешиваем и разбавляем стаканом кипяченой холодной воды.","Доливаем к овощам и разбавляем кипяченой горячей водой, до нужной густоты.","Кладем лавровый лист, соль и перец по вкусу. Также для усиления вкуса подсластим, добавив сахар. Тушим около 5-7 минут.","Достаем тефтели, можно залить готовым соусом и оправить снова в духовку на 25 минут.","Я кладу их в сковороду с соусом. Как только закипит, убавляю нагрев и тушу под крышкой 15-20 минут.","Готово!"];10;https://edanalyuboivkus.ru/vse-recepti/vkusnyie-tefteli-s-risom-v-duhovke/;
226;Запечённый картофель в сметанно-майонезном соусе;backed-potatoes;;garnirs;["Подготовить продукты. Если использовать варёный картофель, оставшийся от предыдущей трапезы, время приготовления значительно сократится.","Картофель хорошо вымыть и отварить в мундире, 20-25 минут. Варёный картофель немного остудить.","Пока картошка остывает, включить духовку для разогрева до 180 градусов. Чеснок очистить и пропустить через пресс. Сыр натереть на крупной тёрке. Листья базилика измельчить.","Майонез и сметану отправить в миску.","Добавить чеснок и половину сыра.","Туда же – соль и базилик. Всё перемешать.","Картофель очистить, нарезать средними дольками. Выложить в форму для запекания желательно керамическую (размером – 18х25 см).","Посыпать сушёными травами и приправой для картофеля.","Сметанно-майонезный соус переложить в форму.","Всё перемешать.","Посыпать оставшимся сыром.","Заготовку отправить в разогретую до 180 градусов духовку.","Запекать картошку 25-30 минут, до схватывания и румяной корочки (ориентируйтесь на особенности своей духовки).","Запечённый картофель в сметанно-майонезном соусе сразу подавайте к столу."];20;https://www.russianfood.com/recipes/recipe.php?rid=171290;
243;Пицца на сковороде;pan-pizza;fb99a92260f707b75f1433f090e64227/?p=y0lc4PAibqGyk7OO0OLQhQ;pizza;[];10;https://youtu.be/LEJ3hRp3l64?si=MbdK5KTA6j_LnR5e;
171;Котлеты из крабовых палочек с сыром;crab-cutlets;;cutlets;["Подготовьте все необходимые ингредиенты. Крабовые палочки размораживать не нужно.","Освободите крабовые палочки от упаковки и натрите на мелкой тёрке в глубокую миску.","В ту же миску натрите на мелкой тёрке твёрдый сыр.","Зубчик чеснока выдавите через пресс или натрите на мелкой тёрке, добавьте в миску к сыру и тёртым крабовым палочкам.","Добавьте два яйца, можно досолить по вкусу. Я соль не добавляла, так как и сыр, и палочки уже содержат соль.","Перемешайте все ингредиенты, чтобы они соединились в однородную массу. Из 1-2 столовых ложек массы скатайте шарик.","Сделайте шарики из всей массы для котлет. У меня получилось 10 штук.","Муку насыпьте на доску. Каждый шарик приплюсните в круглую котлетку толщиной 1-1,5 см и обваляйте в муке с двух сторон.","Разогрейте растительное масло на сковороде. Обжаривайте котлеты из крабовых палочек сперва с одной стороны 1-2 минуты.","Переверните на другую сторону и жарьте ещё 2 минуты.","Готовые котлеты складывайте в кастрюлю. Затем накройте крышкой и подержите на выключенной плите ещё 3-5 минут.","Подавайте котлеты из сыра и крабовых палочек с любым гарниром. Блюдо можно украсить свежей зеленью - перьями лука или укропом."];40;https://www.russianfood.com/recipes/recipe.php?rid=154533;
237;Куриное филе с грибами, запечённое в сметанно-сырном соусе;chicken-with-mushroom;;oven;["Подготавливаем необходимые ингредиенты. Ещё понадобится 500 мл горячей воды. Духовку включаем разогреваться до 180 градусов.","Шампиньоны промываем и обсушиваем бумажным полотенцем. Нарезаем грибы кубиками или пластинками.","В сковороде разогреваем растительное масло, выкладываем шампиньоны и обжариваем на сильном огне, пока выпарится лишняя влага и грибы немного зарумянятся, 5-7 минут.","Пока обжариваются грибы, куриное филе разрезаем вдоль на пластинки толщиной 1,5-2 см, а потом каждый пласт ещё на 2 части (как на фото).","Отбиваем каждый кусочек курицы через пищевую плёнку.","Выкладываем филе в форму для запекания в один слой. Добавляем соль (1\/3 ч. ложки), перец (1\/5 ч. ложки), приправу для курицы.","Сверху выкладываем обжаренные грибы.","Сыр натираем на крупной тёрке.","В чистой сковороде растапливаем сливочное масло и добавляем муку.","Обжариваем, помешивая, 1-2 минуты на среднем огне.","Постепенно вливаем к обжаренной муке 500 мл горячей воды, готовим на маленьком огне до однородности, помешивая.","Добавляем сметану и перемешиваем.","Выкладываем треть сыра. Готовим, помешивая, до расплавления сыра.","Чеснок очищаем, пропускаем через пресс и добавляем в сковороду. Немного солим и перчим (по 1-2 щепотке).","Соус готов.","Приготовленным соусом заливаем содержимое формы. Отправляем заготовку в разогретую до 180 градусов духовку на 40 минут.","Затем форму достаём, содержимое посыпаем оставшимся сыром.","Возвращаем в духовку ещё на 10-15 минут, чтобы сыр зарумянился.","Куриное филе с грибами, запечённое в сметанно-сырном соусе, готово. Раскладываем блюдо по тарелкам и подаём."];90;https://www.russianfood.com/recipes/recipe.php?rid=168909;
220;Голени в апельсиновом маринаде;orange-marinade;;marinade;[];30;https://dzen.ru/a/YKKnpnm-fiF0TyhQ?ysclid=m4f95t6z9b100901792;
224;Картофельные зразы с яйцом и зелёным луком;potato-zrazy;;cutlets;["Подготовьте все необходимые ингредиенты. 2 яйца сварите вкрутую (8-9 минут после закипания воды). Остудите. Картофель очистите и вымойте.","Крупный картофель разрежьте на несколько частей, небольшой – оставьте целым. Отварите картофель в кипящей подсоленной воде до мягкости, примерно 25 минут. Затем воду слейте.","Горячий картофель разомните в пюре. Дайте остыть.","Затем в остывшее пюре вбейте оставшееся яйцо, перемешайте. Можете ещё немного посолить.","Всыпьте в пюре муку.","Перемешайте – картофельная масса готова.","Остывшие яйца очистите. Нарежьте небольшими кубиками и отправьте в глубокую тарелку. Зелёный лук мелко нарежьте. Добавьте к яйцам.","Начинку перемешайте, при желании поперчите.","Рабочую поверхность присыпьте мукой, выложите 1\/6 часть картофельной массы, формируя небольшую лепёшку. В центр выложите 1-1,5 ч. ложки яичной начинки.","Слепите зразы, соединяя края над начинкой и придавая овальную форму (как у котлет).","В сковороде разогрейте растительное масло, обжарьте картофельные зразы по 5 минут с каждой стороны на небольшом огне.","Горячие зразы сразу подавайте к столу. Хотя они будут вкусными и в холодном виде."];50;https://www.russianfood.com/recipes/recipe.php?rid=166763;
127;Картошка, запечённая с сосисками, помидорами и сыром;backed-potatoes-sausage;;oven;["Подготовьте необходимые ингредиенты. Я использовала подкопчённые сосиски, но можно взять любые другие. Включите духовку, пусть разогревается до 190 градусов.","Очищенный картофель обсушите с помощью бумажного полотенца и нарежьте кубиками среднего размера.","Сосиски очистите от оболочки и нарежьте кружочками.","Помидоры промойте, удалите места прикрепления плодоножек. Нарежьте помидоры некрупными кубиками.","В глубокой миске соедините картофель, сосиски и помидоры.","Добавьте майонез, соль, чёрный молотый перец и молотую паприку. Чеснок очистите, мелко нарежьте и тоже отправьте в миску.","Аккуратно всё перемешайте.","Дно формы для запекания (или противень) смажьте небольшим количеством подсолнечного масла. Переложите в форму картошку с сосисками и помидорами.","Поместите форму с заготовкой в предварительно разогретую до 190 градусов духовку на 40 минут, почти до полной готовности картофеля (зависит от сорта и размера кусочков картошки, а также от особенностей вашей духовки).","По истечении времени достаньте форму из духовки. Твёрдый сыр натрите на крупной тёрке и распределите поверх картофеля с сосисками и помидорами.","Верните овощи с сосисками и сыром в духовку и запекайте ещё 10 минут при той же температуре, до расплавления сыра.","Картошка, запечённая с сосисками, помидорами и сыром, готова."];130;https://www.russianfood.com/recipes/recipe.php?rid=165007;
230;Запеканка мясная "Сытная";meat-casserole;;oven;["В готовый свино-говяжий фарш добавляем 1 сырое яйцо, соль и перец по вкусу. Перемешиваем.","Сырой картофель очищаем и нарезаем тонкими кружочками. На дно смазанной растительным маслом формы укладываем нарезанный картофель, солим.","Чтобы картофель быстрее приготовился, а запеканка была сочной, поливаем сверху соусом - для соуса перемешиваем 4 ст. ложки майонеза или сметаны, 3 ст. ложки кипяченой воды, специи и соль. Любители поострее могут добавить немного горчицы.","Лук нарезаем полукольцами и выкладываем сверху, на картофель в соусе.","Следующий слой - сырой фарш.","Свежие помидоры нарезаем кружочками и выкладываем на фарш.","Делаем сеточку из майонеза.","Посыпаем сверху тертым сыром. Ставим в духовку, разогретую до 200 градусов. Запекаем до мягкости картофеля. Проверяем готовность примерно через 35 минут. Чтобы сыр слишком не румянился, можно прикрыть фольгой.","Запеканка мясная с картофелем готова."];10;https://www.russianfood.com/recipes/recipe.php?rid=125466;
242;Рис с колбасой и овощами;rice-with-sausages;;rice;["Подготавливаем продукты. В процессе готовки понадобится 450 мл тёплой воды. В составе моей приправы для плова: куркума, кориандр, красный перец и кумин.","Репчатый лук очищаем и нарезаем небольшими кусочками.","Морковь очищаем, промываем и натираем на крупной тёрке.","В глубокой сковороде разогреваем растительное масло и обжариваем лук с морковью в течение 3-5 минут, до мягкости.","Колбасу очищаем от оболочки и нарезаем некрупными кубиками.","Рис промываем под проточной водой. К овощам отправляем колбасу, промытый рис, приправу для плова и соль.","Вливаем тёплую воду (450 мл) и перемешиваем.","Доводим до кипения и готовим блюдо под крышкой на медленном огне 20 минут.","Чеснок очищаем и разрезаем на несколько частей.","Спустя 20 минут добавляем в сковороду чеснок. Готовим под крышкой ещё 5 минут, до готовности риса и впитывания воды.","Рис с колбасой и овощами готов."];30;https://www.russianfood.com/recipes/recipe.php?rid=166785;
189;Куриные бедрышки в сметанно-чесночном маринаде;smetana-garlic-marinade;;marinade;[];60;https://dzen.ru/a/YKKnpnm-fiF0TyhQ?ysclid=m4f95t6z9b100901792;
240;Заливной пирог с рисом, яйцами и зелёным луком;pie-with-rice;;bakery;["Подготовьте необходимые ингредиенты. Кефир должен быть комнатной температуры, поэтому заранее достаньте его из холодильника. В процессе приготовления понадобится пергаментная бумага.","Рис промойте несколько раз, пока вода не будет оставаться прозрачной. В кипящую подсоленную воду (350 мл) всыпьте промытый рис и отварите его до готовности (около 13 минут на медленном огне).","Готовый рис отбросьте на дуршлаг, затем переложите в миску и оставьте остывать.","Параллельно с приготовлением риса отварите вкрутую яйца. Опустите яйца в холодную воду и варите 10 минут после закипания воды.","Остудите яйца в холодной воде, очистите от скорлупы и нарежьте кубиками.","Зелёный лук промойте, обсушите и нарежьте тонкими колечками.","В миске соедините варёный рис, яйца, лук. Всыпьте соль и чёрный молотый перец по вкусу.","Перемешайте. Начинка для пирога готова.","Разогрейте духовку до 180 градусов. Приготовьте тесто. В миске взболтайте яйцо с 1 щепоткой соли.","Сливочное масло растопите на водяной бане или в микроволновке, остудите. Влейте кефир комнатной температуры и растопленное и остывшее сливочное масло.","Перемешайте венчиком до однородности.","Муку смешайте с разрыхлителем и просейте в миску с жидкой основой.","Замешайте однородное тесто, по консистенции схожее с тестом для оладий.","Дно формы для выпечки выстелите пергаментом и выложите в неё половину теста. (Я использовала разъёмную форму диаметром 18 см.)","На тесто выложите начинку, распределяя её по всей поверхности.","Сверху выложите вторую часть теста, закрывая начинку.","Выпекайте пирог в предварительно разогретой до 180 градусов духовке 35 минут.","Готовый пирог извлеките из формы и дайте ему остыть.","Разрежьте пирог на порционные куски и подайте к столу."];70;https://www.russianfood.com/recipes/recipe.php?rid=160727;
176;Бефстроганов с грибами;beef-stroganoff-with-mushrooms;;meat;["Подготавливаем все продукты.","Говядину промываем и обсушиваем бумажным полотенцем. Нарезаем мясо строго поперёк волокон тонкими длинными полосками, толщиной 0,7-0,8 см.","Кусочки мяса обваливаем в муке со всех сторон.","Шампиньоны нарезаем произвольными тонкими некрупными кусочками.","В сотейнике растапливаем половину сливочного масла (20 г).","Выкладываем грибы и обжариваем до момента, пока они не начнут выделять сок.","Выделившийся сок сливаем в глубокую ёмкость. У меня получилось примерно 120-150 мл грибного сока.","Грибы продолжаем обжаривать до полного испарения жидкости.","Тем временем соединяем сметану, горчицу, грибную жидкость, соль и молотый перец. Хорошо перемешиваем.","Вливаем получившийся соус к грибам и тушим на медленном огне 3-5 минут.","Параллельно в сковороде растапливаем оставшееся масло.","Выкладываем подготовленное мясо и на сильном огне, постоянно помешивая, обжариваем 5 минут.","Выкладываем мясо к грибам.","Перемешиваем и прогреваем грибы с мясом в соусе 1 минуту.","Выключаем нагрев и накрываем сотейник крышкой. Даём содержимому настояться 10 минут.","Подаём бефстроганов с грибами с любимым гарниром, например с картофельным пюре, как у меня."];30;https://www.russianfood.com/recipes/recipe.php?rid=160437;
236;Картофельные гнёзда с начинкой из мясного фарша, овощей и сыра;potato-nests;;oven;["Подготовьте все ингредиенты. Фарш используйте любой, на ваш вкус. У меня — свино-говяжий. Пряности регулируйте на своё усмотрение.","Картофельные клубни очистите и нарежьте небольшими кусочками. Выложите картофель в кастрюлю с холодной подсоленной водой и поставьте на огонь. Варите до готовности. Время варки зависит от сорта и размера кусочков картофеля. Мне понадобилось 25 минут после закипания, чтобы картофель стал мягким.","Когда картошка будет готова, слейте отвар. Добавьте кусочек сливочного масла.","Разомните картофель толкушкой до консистенции пюре.","Укроп промойте, обсушите салфеткой и измельчите. Нарезанный укроп добавьте в пюре. Приправьте солью и молотым чёрным перцем по вкусу. Хорошо перемешайте и немного остудите, чтобы было комфортно работать. Включите духовку для разогрева до 200 градусов.","Лук очистите и нарежьте кубиками. В сковороде разогрейте 20 мл растительного масла и обжарьте лук на небольшом огне, помешивая, 3-4 минуты.","Сладкий перец промойте и нарежьте кубиками. Добавьте к луку, перемешайте и обжаривайте на умеренном огне, помешивая, 2-3 минуты.","К овощам добавьте мясной фарш и обжаривайте 2-4 минуты, часто помешивая лопаткой, чтобы разбить крупные комочки.","По вкусу приправьте солью, молотым перцем и паприкой. Перемешайте и обжаривайте на небольшом огне ещё 4-5 минут.","Помидор нарежьте кубиками. Чеснок очистите и мелко нарежьте или пропустите через пресс. Помидор и чеснок добавьте к фаршу, перемешайте и тушите 4-5 минут на умеренном огне, помешивая лопаткой.","Форму для запекания застелите пергаментом и смажьте оставшимся маслом. Руки смажьте растительным маслом, чтобы пюре не липло к рукам. Из пюре сформируйте 6 одинаковых колобков (вес одного шарика - 100-110 г). Выложите картофельные шарики на пергамент на расстоянии друг от друга.","В каждом шарике сделайте углубление удобным для вас способом. Я сформировала гнёзда руками, можно использовать дно подходящего стакана или рюмки.","Твёрдый сыр натрите на средней тёрке. Половину порции сыра распределите по всем заготовкам.","В каждое картофельное гнёздышко добавьте порцию мясной начинки, формируя небольшую горку.","Распределите оставшийся тёртый сыр. Отправьте картофельные гнёзда с фаршем, овощами и сыром в разогретую до 200 градусов духовку и запекайте 15-25 минут, до расплавления сыра. Время запекания зависит от мощности вашей духовки.","Картофельные гнёзда с начинкой из мясного фарша, овощей и сыра готовы. Сразу подавайте к столу. Очень вкусно со сметаной или другим подходящим соусом."];40;https://www.russianfood.com/recipes/recipe.php?rid=165073;
217;Куриное филе в горчично-соевом маринаде;soy-marinade;;marinade;[];50;https://dzen.ru/a/YKKnpnm-fiF0TyhQ?ysclid=m4f95t6z9b100901792;
218;Мякоть бедрышек без кожи и костей в итальянской заправке;italiano-marinade;;marinade;[];40;https://dzen.ru/a/YKKnpnm-fiF0TyhQ?ysclid=m4f95t6z9b100901792;
219;Куриное филе в йогуртовом маринаде;yogurt-marinade;;marinade;[];10;https://dzen.ru/a/YKKnpnm-fiF0TyhQ?ysclid=m4f95t6z9b100901792;
216;Голени в томатно-соевом маринаде;tomato-soy-marinade;;marinade;[];20;https://dzen.ru/a/YKKnpnm-fiF0TyhQ?ysclid=m4f95t6z9b100901792;
246;Классический маринад с луком;onion-marinade;;marinade;["Репчатый лук нарежьте кольцами или полукольцами, переложите в глубокую миску, посолите. Если лук очень горький, можно добавить щепотку сахара. Слегка перетрите луковую массу руками, чтобы выделился сок.","Положите в миску с луком нарезанную кубиками свинину, поперчите, при необходимости досолите, добавьте раскрошенный лавровый лист.","Тщательно перемешайте мясо с луком, затяните миску пищевой пленкой и отправьте в холодильник на ночь.","Очистите кусочки свинины от лука, насадите на шампуры. Готовьте на гриле или мангале. Подавайте с армянским лавашом и сладким красным луком."];80;https://www.gastronom.ru/text/idealnyj-svinoj-shashlyk-15-marinadov-dlya-sochnogo-i-nezhnogo-myasa-1025702;
277;Такос из кукурузы;corn-tacos;ebc2187456e65dbb34cda5769881b39c/?p=2OT4lwi73EDFAtC1dWyzdA;oven;["Слить с кукурузы воду, высыпать на пергамент. Сформировать 4 кружочка из кукурузы и сверху посыпать тертым сыром.","Запекать в заранее разогретой до 180 градусов духовке 17-20 минут.","Дать остыть, иначе все развалится. А затем лопаткой снять наши основы, смазать творожным сыром, сверху ветчина из индейки, салат, помидор. Можно добавить огурчик или вообще сделать начинку на ваше усмотрение"];1;https://www.instagram.com/reel/DMcoinMoCXU/?igsh=OGVpcnZjZTAxMDIz;
244;Чебуреки;chebureks-2;415bd5a074d43dcf6de5f9c0ccb8e40b/?p=ETRMGCk_cR-TWmD8rKtuAg;bakery;["Чтобы приготовить хрустящие и сочные крымские чебуреки, подготавливаем нужные ингредиенты.","Как приготовить крымские чебуреки: В муку вливаем 1 ст. ложку растительного масла.","В воду добавляем щепотку соли. Вливаем воду с солью в муку и перемешиваем тесто ложкой. Затем вымешиваем руками 7-10 минут. Тесто должно получится крутым, но чуть мягче, чем на пельмени. Оставляем его на 30 минут.","К фаршу добавляем зелень, кориандр молотый, черный молотый перец, соль и говяжий бульон (или тёплую кипяченую воду). Перемешиваем.","Спустя 30 минут формируем из теста колбаску и разрезаем на 7 частей. Каждый кусочек вымешиваем в течение 2-х минут и даем отдохнуть еще 15 минут. Не добавляя муки, раскатываем тесто в пласт. Равномерно распределяем фарш на 7 чебуреков, выкладывая начинку только на половину пласта.","Накрываем начинку второй половиной и закрепляем края вилкой.","Выкладываем чебуреки на раскаленную сковородку и обжариваем по пару минут с каждой стороны (огонь - чуть выше среднего).","Обжарив с двух сторон, перекладываем чебуреки на бумажную салфетку, чтобы удалить остатки жира.","Сочные и хрустящие крымские чебуреки готовы. Приятного аппетита!"];21;https://www.russianfood.com/recipes/recipe.php?rid=138183;
193;Сырные палочки, запечённые в духовке;cheese-sticks;;fryer;["Подготавливаем необходимые продукты.","Сыр нарезаем тонкими брусочками шириной около 1,5 см.","Панировочные сухари соединяем с итальянскими травами, солью и перцем.","Перемешиваем","Сливочное масло растапливаем и добавляем в панировочные сухари.","Снова перемешиваем ингредиенты и хорошо перетираем, чтобы крошка получилась рассыпчатой.","В отдельную миску разбиваем яйца, вливаем 2 ст. ложки воды.","Взбиваем яйца с водой до однородности.","Каждую сырную палочку обваливаем в муке.","Затем окунаем в яйцо.","И обваливаем в панировочных сухарях. Затем ещё раз повторяем шаги с яичной смесью и сухарями.","Противень застилаем фольгой и смазываем растительным маслом. Выкладываем палочки на противень в один слой. Прикрываем палочки фольгой и убираем в морозилку на 30 минут. Затем достаем противень с палочками и оставляем при комнатной температуре, пока разогревается духовка до 200-210 градусов.","Противень отправляем в разогретую духовку, запекаем сырные палочки при температуре 200-210 градусов примерно 15 минут. Дольше держать в духовке не нужно, чтобы расплавленный сыр не начал вытекать из изделий.","Сырные палочки, запечённые в духовке, готовы. Подаём с любимым соусом и наслаждаемся вкусом."];15;https://www.russianfood.com/recipes/recipe.php?rid=166536;
278;Мини сосиски в тесте;mini-sausage-in-dough;3af906068a6514e3ea367c09db270daf/?p=mfAisCzDGnffcEAutzn6fw;bakery;;65;https://www.instagram.com/reel/DLhqAi4CNiY/?igsh=MTZua2hoc2swMjhjdw%3D%3D;
279;Блинчики с ветчиной и сыром;bliny-with-ham-cheese;3a532200200659f923a53422f64af20b/?p=ghgkV0TV_mWshgmkVK-N9g;breakfast;["Яйца перемешиваем с сахаром,солью,раст.маслом","Добавляем молоко, муку и все хорошо перемешиваем, чтоб не было комочков","Добавляем колбасу и сыр","Выпекаем на среднем огне с каждой стороны и все готово","По желанию блины можно смазать творожным сыром и завернуть в рулетики"];91;https://www.instagram.com/reel/DLPMD3YsyLX/?igsh=MWowdW15dXg0dDdvZA%3D%3D;
280;Гороховое пюре;mashed-peas;c081bb31dbffb3c996af4d2ef1b6a929/?p=Fk3XEfripKNgcAlHd6du_g;garnirs;;30;https://www.instagram.com/reel/DH5vIG1onXb/?igsh=cm8wc2x6aGJodG93;
259;Чизкейк Баунти;bounty-cheesecake;fd00be226d4ff4cfb9421c5e60dfebc0/?p=Ia2A7VEyvjmpcq0uMYcbRw;desserts;[];55;https://www.instagram.com/reel/DK_fGW2ITya/?igsh=MTh0eXo4ZHVieGFiZg%3D%3D;
254;Подлива из курицы с грибами;chicken-sauce-with-mushrooms;9dfc6d9ab6f639e14ff0be39ece41a06/?p=IyQTr4lzpX6aNseqp_EVpw;meat;[];50;https://www.instagram.com/reel/DF2Z18HMbLK/?igsh=MWVjbmh0ZmVlYzVsMg%3D%3D;
253;Салат Биг Хит;big-hit-salad;4c56ffb35509ef6e4573b9f9cd379207/?p=GYyD7FtkMdu2g8uCSEyigQ;salad;[];1;https://www.instagram.com/reel/DFvZHXzurJn/?igsh=enNlMDN1ZjM3amRw;
249;Картофельные палочки;potato-sticks-2;61de2670b6a7c8d4d5f52bc17f8191bd/?p=N03U4AxvYI3kjZMO9vCxag;fryer;[];31;https://www.instagram.com/reel/DJeL0BzoVL4/?igsh=MWg1anJvNjAxcjFvNA%3D%3D;
251;Освежающий лимонад;fresh-lemonade;7289e64279be58ce672898dbae91d843/?p=V92rEbQFryHS5v_pi_lsWw;lemonade;[];20;https://www.instagram.com/reel/DKmfxtjo2wt/?igsh=c3g3dGN2a2xvODBl;
300;Рубленые котлеты с черри;chopped-cutlets-2;64ac275d08fca8c4ce36e5b439d67d4e/?p=nvUvkBZXoyvqaaCx-whv_Q;cutlets;["Котлеты формируем либо просто ложкой хаотичной формы, либо с помощью кольца, как у меня на видео - руками рубленые котлеты лепить неудобно","Дальше отправляем в заморозку, а перед приготовлением просто достаем за час-два и размораживаем","Аккуратно перекладываем на сковороду и жарим на слабом огне под крышкой","Переворачиваем тогда, когда котлеты сверху схватятся, иначе могу подразвалиться"];23;https://www.instagram.com/reel/DL_815XoKqH/?igsh=MTd0dThtdnVvYnZ5bw%3D%3D;
258;Сырные лепешки;cheese-tortillas;3224deecd2d3af7c9e40cd68b4c0e9b5/?p=qaXlh4xZZAwJuE0X7xS4bA;fryer;[];25;https://www.instagram.com/reel/DFfkmFrJvbb/?igsh=Yjg2dXE3cmx0dWxi;
256;Лимонад киви-лайм;lemonade-kiwi-lime;1d0ed8d557a28d59e5d47b1bae1dd003/?p=d_fVs0rdSB3jP5y1--ALaQ;lemonade;["Киви пробиваем в блендере с мёдом или сиропом.","В стакан кладём лёд, выливаем киви-пюре","Добавляем кусочки лайма, заливаем газировкой до верха."];40;https://www.instagram.com/reel/DKo0fBNM_aB/?igsh=NHAxNGdsandlZmZs;
252;Картофельные котлетки;potato-cutlets;6a77c6aed9d1ca1e3e07c9014196aa05/?p=w4l-DWZ6N13Zv8hPxz5HrQ;cutlets;[];60;https://www.instagram.com/reel/C_bLA_jOHQD/?igsh=MTRoeHZsN2RvMnN3MQ%3D%3D;
255;Бразильский лимонад;brazil-lemonade;1d0ed8d557a28d59e5d47b1bae1dd003/?p=d_fVs0rdSB3jP5y1--ALaQ;lemonade;["Лайм блендерим с водой, процеживаем.","Добавляем сгущёнку, снова пробиваем.","В стакан - лёд, сгущённую смесь и газировку.","Перемешиваем и сразу пьём - сгущёнка может оседать."];30;https://www.instagram.com/reel/DKo0fBNM_aB/?igsh=NHAxNGdsandlZmZs;
250;Персиковый лимонад;peach-lemonade;02846329c50117e36adef0dc145072da/?p=DiZg_Dxt6GkDiqVj9IiUlw;lemonade;[];10;https://www.instagram.com/reel/DK9y3sYIlUW/?igsh=aHdpcnl3bG1xaTd5;
257;Лимонад клубника-лимон-мята;lemonade-strawberry-lemon-mint;1d0ed8d557a28d59e5d47b1bae1dd003/?p=d_fVs0rdSB3jP5y1--ALaQ;lemonade;["Клубнику блендерим.","В стакан — лёд, 3 дольки лимона, пюре.","Доливаем газировку,подсластитель"];50;https://www.instagram.com/reel/DKo0fBNM_aB/?igsh=NHAxNGdsandlZmZs;
245;Кефирный маринад;kefir-marinade;;marinade;["Базилик, укроп и петрушку нарвите руками и вместе с веточками положите в чашу блендера. Влейте оливковое масло. Измельчите до получения однородной кашицы.","Кусочки свинины положите в миску, добавьте кефир, пюре из зелени, нарезанный кольцами лук, соль, черный молотый перец. Перемешайте руками. Маринад должен покрывать мясо полностью.","Затяните миску пищевой пленкой и поставьте в холодильник на 4–6 часов (можно на ночь). Жарьте мясо любым способом: на углях, на сковороде-гриль и т. д."];90;https://www.gastronom.ru/text/idealnyj-svinoj-shashlyk-15-marinadov-dlya-sochnogo-i-nezhnogo-myasa-1025702;
247;Маринад с майонезом;mayonnaise-marinade;;marinade;["Вылейте яйца в стакан погружного блендера, добавьте щепотку соли, сахар, горчицу и лимонный сок. Влейте треть масла и взбейте, опустив блендер до дна стакана. Влейте еще треть масла, снова взбейте. Потом оставшуюся треть и снова взбейте.","Переложите майонез в глубокую миску, влейте воду, посолите, поперчите, тщательно перемешайте. Добавьте кусочки свинины, перемешайте до однородности.","Затяните миску пищевой пленкой и оставьте при комнатной температуре на 1,5–2 часа."];100;https://www.gastronom.ru/text/idealnyj-svinoj-shashlyk-15-marinadov-dlya-sochnogo-i-nezhnogo-myasa-1025702;
262;Начинки для блинов;best-pancake-toppings;;lifehack;[];20;https://www.instagram.com/reel/C4IYqBSt5j8/?igsh=MWpqbG1uYno2aG10aQ%3D%3D;<div class="receipt-content-item">
        <h2>1. Курица с сыром</h2>
        <p>Куриное филе отварить и мелко нарезать, лук обжарить и добавить к мясу, добавить натертый сыр, и чеснок, заправить все сметаной или майонезом</p>
    </div>
    <div class="receipt-content-item">
        <h2>2. Грибы с сыром</h2>
        <p>Грибы с луком обжарить, добавить тертый сыр и майонез</p>
    </div>
    <div class="receipt-content-item">
        <h2>3. Творог и кокос</h2>
        <p>В творог добавьте сахар, кокосовую стружку и сметану</p>
    </div>
    <div class="receipt-content-item">
        <h2>4. Ветчина и сыр</h2>
        <p>Ветчину(или просто колбасу) нарежьте, сыр натрите на терке, нарежьте укроп и заправьте майонезом</p>
    </div>
265;Гречка;buckwheat-2;;garnirs;["Подготовить продукты.","Гречневую крупу перебрать и хорошо промыть. Вскипятить воду.","Залить крупу в казане или кастрюле кипятком, добавить соль и масло. На большом огне дать закипеть.","Уменьшить огонь до самого маленького, накрыть крышкой и варить гречку 20 минут.","Подавать гречневую кашу горячей. Приятного аппетита!"];50;https://www.russianfood.com/recipes/recipe.php?rid=125446;
263;Манная каша;semolina;;breakfast;["Продукты для приготовления манной каши. Для наиболее удачной консистенции манной каши соотношение манной крупы и жидкости (молока и воды) должно быть примерно 1:6 соответственно.","В кастрюльку влить кипяток (или вскипятить воду в кастрюле). Добавить в воду соль и сахар по вкусу. Одновременно поставить нагреваться молоко. В закипевшую воду тонкой струйкой всыпать манную крупу, постоянно помешивая.","Проварить манку, помешивая, 2-3 минуты на небольшом огне.","Затем влить, постоянно помешивая, горячее молоко.","Варить манную кашу еще 4-5 минут, помешивая.","В готовую манную кашу добавить сливочное масло.","Манную кашу с маслом перемешать, накрыть крышкой и дать настояться 2-3 минуты.","Обыкновенная манная каша готова."];130;https://www.russianfood.com/recipes/recipe.php?rid=66011;
266;Режимы духовки;oven-modes;d1fc2f9223aaae5248a319c9c56de813/?p=nx2UzbTg0_lDgMfMZo0miQ;lifehack;[];30;https://www.instagram.com/reel/DLPxt1AsXSz/?igsh=ZmhoYW5hM3czYW1h;
267;Как варить молодую кукурузу в початках;corn;e01cd8a5564d3bdf8891a1c8af2daa7e/?p=oNjB8xOVgjUiJ2MOb-KBnw;lifehack;["Кукурузу выбирайте молодую. То есть зерна должны быть молочно-белые или бледно-желтые, мягкие и сочные. По сути молодую кукурузу можно есть даже без варки. При покупке выбирайте початки без опрелостей и повреждений. Если есть возможность, лучше слегка отвернуть зеленые листья и посмотреть на качество початка.","Початки молодой кукурузы очистите от листьев. Часть внутренних чистых листьев оставьте. Обрежьте плодоножку, удалите волосинки. При необходимости срежьте переднюю часть без зерен. Если початки очень длинные и не помещаются в кастрюлю, разрежьте их пополам.","Выложите початки в большую широкую кастрюлю. Влейте в кастрюлю столько воды, чтобы она полностью покрывала кукурузу. Как выбрать кастрюлю для варки читайте в отдельной статье в конце рецепта.","Сверху накройте кукурузу удаленными ранее листьями.","Поставьте кастрюлю на сильный огонь и доведите воду до кипения. По желанию можете варить кукурузу в слегка подсоленной воде, но обычно соль подают к уже готовым вареным початкам.","Уменьшите огонь до среднего и варите кукурузу под крышкой около 20 минут. Если у вас в крышке нет отверстия для выхода пара, то варите под приоткрытой крышкой. Если кукуруза не очень молодая, варите дольше до мягкости зерен.","Готовую вареную молодую кукурузу переложите на блюдо и дайте ей немного остыть. Подавайте молодую кукурузу в початках варенную в кастрюле к столу вместе с солью. Приятного аппетита!"];1;https://1000.menu/cooking/77876-kak-varit-moloduu-kukuruzu-v-pochatkax?ysclid=mct6y2ggja746270595;
269;Ролл с яйцом и сыром;roll-with-egg-cheese;2ef7aece0d715438fd93cc5cd3df7b5f/?p=c4nn4KYrzq1p2ggbzgUhpg;breakfast;;55;https://www.instagram.com/reel/DJWXpsRCLtG/?igsh=MXd2NDhjdzRld3Znbg%3D%3D;
302;Шримп ролл;shrimp-roll;f3b1846bda7989a5b979a14d14241db3/?p=L_Y0Tg59zkNbqblUy-0psw;roll;["Обжариваем креветки","Добавляем к ним соевый соус, мед и шрирачу и мешаем пока креветки не заглазируются","В греческий йогурт давим чеснок и добавляем туда сыр","Заворачиваем все в тортилью и  обжариваем ее с двух сторон, чтобы запечатать"];30;https://www.instagram.com/reel/DHiEtBKIqTt/?igsh=dXQwbXc2MmVqMDJv;
268;Гороховый суп с копченостями;pea-soup;;soup;["Подготовить продукты.","Разрезать копчёные рёбрышки на части. Вскипятить 3 л воды.","Горох хорошо промыть холодной водой (можно предварительно замочить горох на 1-2 часа). В кипящую воду опустить рёбрышки и добавить горох. Варить на небольшом огне 60-70 минут.","Картофель очистить и нарезать средними кубиками. Вынуть копчёные ребрышки из кастрюли.","Добавить картофель в суп, варить 15-20 минут.","Нарезать копчёные сосиски кусочками.","Мясо отделить от костей и нарезать кусочками.","Лук и морковь очистить. Лук нарезать кубиками. Морковь натереть на крупной терке. Разогреть сковороду, налить растительное масло. Обжарить лук и морковь на среднем огне, помешивая, 3-4 минуты.","Выложить обжаренные овощи, копчёные сосиски и мясо в суп. Посолить по вкусу. Варить гороховый суп под крышкой на маленьком огне 10-15 минут.","Добавить зелень, перемешать и снять с огня. Дать супу настояться 5-10 минут под крышкой.","Суп гороховый с копченостями готов. Приятного аппетита!"];55;https://www.russianfood.com/recipes/recipe.php?rid=121599;
304;Чизкейк “Kinder Country”;cheesecakes-kinder-country;edf02a894f652f29706e45ad030ff71d/?p=tFoz4b2xpSmDbkZFeK-92Q;desserts;["Печенье измельчить удобным способом (блендер или пакет + скалка)","Добавить какао, если печенье не шоколадное, перемешать","Масло растопить и добавить к крошке, перемешать","Высыпать массу в форму и с помощью стакана распределить, образуя дно и высокие бортики","Убрать в холодильник пока делаете начинку","Желатин залить водой и дать набухнуть(смотрите время на вашей пачке)","Творожный сыр(его лучше достать заранее, что бы он не был очень холодным, иначе желатин потом пойдет комками), 150мл сливок (холодных) и сгущенку взбить до пышной массы (смотрите консистенцию на видео, масса густая и остаются следы от венчика)","Желатин погреть на водяной бане или в микроволновке до растворения (нельзя, его перегреть, поэтому не давайте закипеть)","Вылить в сырную массу. Еще раз хорошо взбить","Переложить в форму с песочной основой, разровнять и поставить на 2 часа стабилизироваться в холодильник","Оба вида шоколада мелко порубить (по необходимости)","Налить 80мл. сливок, нагреть их до горячего состояния (но не кипятить), залить белый шоколад, перемешать до растворения","На чизкейк высыпать воздушную кукурузу и залить белым шоколадом","Разровнять и убрать в холодильник на 15 мин","Так же нагреть 70мл. сливок и залить молочный шоколад, перемешать до растворения","Вылить на чизкейк. Дать застыть (20-30 мин) и можно подавать!"];56;https://www.instagram.com/reel/DJG5ZgxsIQR/?igsh=dTFpcTgzMm1tN2Jn;
270;Сырный суп с охотничьими колбасками;cheese-soup-with-sausages;83b0b2032447026297596522cbe1d690/?p=bwwo2AF0-0WTTBRmn59obw;soup;["В кипящую воду добавляем нарезанный картофель, соль и варим 7 минут.","В это время обжариваем мелко нарезанный лук и натертую морковку на растительном масле 2-3 минуты","Добавляем нарезанные охотничьи колбаски и жарим все вместе 5 минут (огонь выше среднего).","Перекладываем зажарку в кастрюлю к картошке и добавляем плавленый сыр.","В конце добавляем нарезанную петрушку, накрываем крышкой и даем настояться 10 минут."];25;https://www.instagram.com/reel/DLC8NjGt1o-/?igsh=OHZxMDZxZGJxcXZp;
275;Тесто для пирожков;dough-for-pies;85492823e75b16b5a98f67bb1757d052/?p=MTV9f2vxTGfp_U1UzroUug;bakery;;100;https://www.instagram.com/reel/DMHvjTGMI0L/?igsh=MXA0aGM3aTgyc3RmMQ%3D%3D;
276;Печенье с шоколадом;cookies-with-chocolate;;desserts;["Подготовьте необходимые ингредиенты. Сливочное масло должно быть мягким, чтобы его легко можно было растереть. Поэтому его нужно достать из холодильника заранее, примерно за 2 часа до приготовления. Шоколад должен быть хорошего качества, а вот горький или классический вариант - выбирайте по вкусу. О свойствах муки читайте в отдельной статье в конце рецепта.","Шоколад измельчите острым ножом в крошку. Чтобы это было легче сделать, можете поместить шоколад предварительно в морозилку на 15 минут. В твердом состоянии он лучше крошится. Степень измельчения выбирайте по желанию, можете сделать крошку более мелкой или покрупнее.","Размягченное масло разотрите с сахаром. В этом случае можете воспользоваться обычной вилкой или венчиком.","Яйцо вымойте и обсушите салфетками. В сахарно-масляную смесь добавьте яйцо. Взбейте все до однородности, чтобы яйцо равномерно распределилось по всему объему массы.","Муку предварительно смешайте с солью, разрыхлителем и ванилином и просейте в тесто. Благодаря просеиванию муки печенье при выпечке будет лучше подниматься. Учитывайте, что муки у вас может уйти больше или меньше, поэтому ориентируйтесь на консистенцию теста. Чем заменить ванилин и об особенностях использования в выпечке разрыхлителя читайте в отдельных статьях в конце этого рецепта.","Быстро замесите тесто. Оно получается однородное, эластичное, маслянистое. Долго тесто не месите, чтобы печенье не получилось тугим.","Добавьте в тесто шоколадную крошку.","Еще раз быстро перемешайте для равномерного распределения шоколада по всему тесту.","На застеленный пергаментом лист выкладывайте тесто ложкой, придавая печенюшкам круглую форму. Я воспользовалась кулинарной формой диаметром 6 см. Выпекайте печенье в заранее разогретой до 190 градусов духовке около 20 минут. Точное время и температуру запекания определяйте по своей духовке.","Печенье не должно сильно зарумяниться, разве что немного подрумянится с краев. Если долго держать печенье в духовке, оно может пересохнуть, поэтому не дожидайтесь полного румянца. Готовое печенье достаньте из духовки, остудите и подавайте."];21;https://www.https://1000.menu/cooking/45076-amerikanskoe-pechene-s-shokoladnoi-kroshkoi.com/reel/DMYFTX3sTKO/?igsh=MTljb3Zma3g0OHB4bg%3D%3D;
274;Окрошка;okroshka;;soup;["Картофель хорошо вымыть. Поставить вариться картофель.","Поставить вариться яйца.","Пока они варятся, нарезать мелкими кубиками колбасу.","Огурцы помыть и нарезать мелкими кубиками.","Сваренные яйца остудить в холодной воде, очистить. Затем мелко нарезать.","Сваренный картофель остудить в холодной воде, очистить и мелко нарезать.","Всё перемешать, посолить","Добавить охлажденную сметану и майонез","Всё залить холодным кефиром и квасом"];53;https://www.russianfood.com/recipes/recipe.php?rid=60031;
152;Рулет из картофеля с фаршем;potato-meat-roll;6501a7472c1f5f5b9081962ebe13e200/?p=q-SLls05yjlvC_VDxdDdug;oven;[];5;https://www.instagram.com/reel/C2MjwzuoQIE/?igsh=MThocjE2N3d1MHoyOA==;
281;Биг мак такос;big-mac-tacos;8bf81b8dcd68d62d8623b6fef0d146ac/?p=Fz7IOuXq64yJ0IAPI85P_Q;breakfast;["Для соуса смешать все ингредиенты в отношении 1:1:1","Из фарша слепить шарики, выложить на лепешку, посолить и поперчить.","Подготовьте 2 сковороды, на первую добавить растительное масло, вторую оставить сухой. Нагреть обе, но не раскалить.","На первой скороде выложить лепешку фаршем вниз, обжарить минуты 3-4, потом переложить на вторую сковороду стороной лепешки. Выложить сыр и немного подплавить, а лепешка в это время подсушится.","Лепешку выложить на тарелку, чтобы немного остыла, потом сложить напополам. Выложить капусту,лук, полить соусом и посыпать жареным луком."];52;https://www.instagram.com/reel/DKZLK_7oW1M/?igsh=bTNvNjAzamcyNXF2;
272;Зразы;zrazy;;cutlets;["Как сделать зразы мясные с яйцом и луком? Подготовьте все продукты. Для начинки заранее отварите одно куриное яйцо. Фарш можете использовать любой, у меня смешанный, свино-говяжий. Хлеб берите любой белый, пшеничный, у меня это батон.","Репчатый лук очистите от шелухи. Нарежьте лук на мелкие кубики. Чтобы не слезились глаза, смочите нож и разделочную доску холодной водой.","Обжарьте нарезанный кубиками лук на сковороде на растительном масле до появления золотистого цвета.","Вареное яйцо очистите от скорлупы и нарежьте кубиками.","Смешайте нарезанное яйцо с обжаренным репчатым луком и перемешайте. Это будет начинка. Можете посолить ее по вкусу, но только чуть-чуть.","Мякоть батона залейте молоком на 5 минут. После отожмите его от излишков молока.","Переложите мясной фарш в миску. Добавьте в него сырое яйцо. Посолите и размешайте до однородности.","Добавьте в фарш размякший батон и сухие специи по вкусу.","Фарш для зраз перемешайте руками до однородного состояния.","На плоскую тарелку насыпьте панировочные сухари. Берите руками, смоченными в воде, сырой фарш, формируйте из него шарик. Затем сплющивайте его в лепешку. В центр лепешки выложите начинку из вареного яйца и лука. Делайте зразы нужного вам размера. Я обычно беру 2 столовые ложки фарша и 1 чайную ложку начинки на одну зразу.","Сформируйте руками зразы и обваляйте их со всех сторон в панировочных сухарях.","На сковороде с разогретым растительным маслом обжарьте зразы с двух сторон до золотистой корочки.","Подавайте зразы к столу в горячем виде. Приятного аппетита!"];45;https://1000.menu/cooking/26678-zrazy-myasnye-s-yaicom;
288;Куриный рулет с грибами и сыром в шапочке из бекона;chicken-roll-mushrooms-cheese-bacon-cap;7e086efbf5a87d501c97156f6bf339ee/?p=21tdYn6UWos9glDKsKCZUg;oven;;106;https://www.instagram.com/reel/DMiYH4CN_nh/?igsh=MXF5dHkxeHd2cG95dw%3D%3D;
285;Фрикадельки из курицы;chicken-meatballs-2;295095c7b67409d921af1bf9e0f138e7/?p=gBC8vQTMinUmV9TXSMGwGQ;meat;;80;https://www.instagram.com/reel/DMhpxdnREQt/?igsh=MWptOWxkbDI4a2dsZg%3D%3D;
287;Сырные палочки;cheese-sticks-2;89d0a3ac71d411ea11d49a76dd860047/?p=UcEB1mS3xor7HZXcH5eBrg;fryer;;20;https://www.instagram.com/reel/DLeqMBEtxni/?igsh=N2swNjZqdTVyN3Vu;
289;Рубленые котлеты с помидорами;chopped-cutlets-with-tomatoes;e87f580daf24d29d3e69649b1db7adbc/?p=ub0SpABSbm2FGtsR4_Y5NQ;cutlets;["Куриное филе и помидоры нарезаем мелким кубиком.","Перекладываем в тару, туда же добавляем специи, сыр, сметану, яйцо, муку.","Все перемешиваем. Жарим до готовности.  Готово."];24;https://www.instagram.com/reel/DKgzrmRo5U5/?igsh=MWsweHZ1NmtiZ3o3Ng%3D%3D;
290;Фрикадельки в сливочно-грибном соусе;meatballs-mushroom-sauce;91b1abea3de649ce76fc5e95550012d9/?p=w1i22EdJpzKRxyI2pmv8pQ;meat;["Для фрикаделек соединяем фарш с яйцом, сыром, зеленью, панировочными сухарями, солим, перчим и чуть влажными руками формируем шарики","Обжариваем на хорошо разогретой сковороде до золотистости","Убираем фрикадельки и на этой же сковороде обжариваем лук с чесноком и шампиньонами, вливаем сливки, пару ложек соевого соуса и кладем зелень, сюда же и фрикадельки","Доводим соус до загустения и подаем с пюре"];15;https://www.instagram.com/reel/DN5BlKpiMkL/?igsh=MXFmemFtbzNrNTh5cw%3D%3D;
261;Как хранить домашнюю выпечку;save-bakery;;lifehack;[];10;https://dzen.ru/a/Z_kB2km483AuwTGn?ysclid=mbxz97z85x245394039;<div class="receipt-content-item">
        <h2>1. Кексы и маффины</h2>
        <ul>
            <li><b>Без скоропортящихся добавок</b> (фрукты, ягоды, творог) – храните при комнатной температуре в герметичном контейнере или пищевой плёнке до <b>5–7 дней</b>.</li>
            <li><b>С начинкой</b> (ягоды, фрукты, заварной крем) – только в холодильнике, <b>3–4 дня</b>.</li>
            <li><b>Совет</b>: Если кексы начали подсыхать, слегка сбрызните их водой и разогрейте в микроволновке 10–15 секунд.</li>
        </ul>
    </div>
    <div class="receipt-content-item">
        <h2>2. Печенье</h2>
        <ul>
            <li><b>Мягкое</b> (бисквитное, овсяное) – в закрытой таре при комнатной температуре <b>5–7 дней</b>.</li>
            <li><b>Сухое и рассыпчатое</b> (песочное, ореховое) – можно хранить в открытой коробке, но лучше под крышкой, чтобы не набирало влагу. Срок – <b>до месяца</b>.</li>
            <li><b>Совет</b>: Если печенье отсырело, подсушите его 5 минут в духовке при 150°C.</li>
        </ul>
    </div>
    <div class="receipt-content-item">
        <h2>3. Пироги (сладкие и несладкие)</h2>
        <ul>
            <li><b>Дрожжевые, бисквитные, киши</b> – в холодильнике, в контейнере или под пищевой плёнкой, <b>3–4 дня</b>.</li>
            <li><b>Совет</b>: Пироги с ягодной начинкой лучше съесть в первые <b>2 дня</b>, так как сок может сделать тесто мокрым.</li>
        </ul>
    </div>
    <div class="receipt-content-item">
        <h2>4. Булочки и хлеб</h2>
        <ul>
            <li>Домашний хлеб и сдоба быстро черствеют из-за отсутствия консервантов. Храните их в <b>плотно закрытом пакете</b> при комнатной температуре <b>1–2 дня</b>.</li>
            <li><b>Совет</b>: Чтобы вернуть мягкость, заверните булочки во влажное полотенце и прогрейте в микроволновке 20 секунд.</li>
        </ul>
    </div>
    <div class="receipt-content-item">
        <h2>5. Торты и чизкейки</h2>
        <ul>
            <li><b>С масляным, заварным кремом</b> – <b>1.5 суток</b> в холодильнике.</li>
            <li><b>С творожной начинкой, взбитыми сливками</b> – <b>не более 24 часов</b>.</li>
            <li><b>Без крема (бисквитные, «Птичье молоко»)</b> – <b>до 3 суток</b>.</li>
            <li><b>Совет</b>: Если торт начал подсыхать, пропитайте его сиропом (вода + сахар + немного лимонного сока).</li>
        </ul>
    </div>
294;Макароны с тунцом;pasta-with-tuna;20874b42339ca60572b7413f71276a60/?p=GOOZRdWXzEDvGtPQ1lJssA;pasta;["Отвари воим макароны до готовности","В форму выкладываем отварные макароны, разбиваем яйца и добавляем тунец, соль и специи, хорошо перемешиваем","Посыпаем тертым сыром и ставим в духовку при 180° минут на 25 – 30"];30;https://www.instagram.com/reel/DMnQXZktMvU/?igsh=amp6M3Zob2Q5dHgw;
293;Курица терияки;chicken-teriyaki;1200e3d35993e8acf0bf483bd505e43b/?p=KtPt3RCHYS0VE-n9cJCMyw;meat;["Нарезаем куриное филе, добавляем соль, специи, муку, закрываем контейнер и трясем, чтобы абсолютно каждый кусочек запанирвался","Отправляем запекаться в духовку или аэрогриль на 30 мин при 180 градусах  Для глазировки в сковороду выливаем соевый соус, томатную пасту и мед","Все тщательно перемешиваем и немного прогреваем","Готовую курицу отправляем в глазурь и хорошо перемешиваем","Посыпаем кунжутом и готово"];60;https://www.instagram.com/reel/DKFC3jZI1Yj/?igsh=MTcwOG1yNzJzdzRwdg%3D%3D;
297;Беляши;belayshi-2;62b046a2309ec9dcd1e435da1c8004ad/?p=0LUVe6QPpVP-eXQG-NoQyA;bakery;;26;https://www.instagram.com/reel/DJoWduxyWRT/?igsh=NzA3eHgxMjJxYnd2;
292;Супер полезная лазанья;super-poleznaya-lasagna;ff93068c1123de2a33cc0bc834764c86/?p=aFsXgsZEqZb4NXdDmnsN8Q;oven;["Обжариваем фарш вместе с луком и кабачком","Добавить томатную пасту","Фарш выложить в форму, накрыть листом лазаньи. На лист лазаньи намазать греческий йогурт","Повторить несколько раз","Сверху посыпать сыром","Выпекать при 200 градусах 20 минут"];35;https://www.instagram.com/reel/DHEIP6BMb9P/?igsh=MXN6Y21lYWJ6dmoxcA%3D%3D;
295;Шаурма том ям;shaverma-tom-yam;9b40a7de0ca56183826956c6a3b71c5b/?p=fDkWUb6QHJTk2TcGhO40kQ;roll;;40;https://www.instagram.com/reel/DJRNSANRSsz/?igsh=NDg2YzlvcTA5b3E2;
291;Крабовые котлеты с сыром;crab-cutlets-cheese;f7f77595f05b3ce40dff94c249c2c272/?p=pLPbvvcBVwriL8WBq5fvzg;cutlets;["На терке натрите крабовые палочки, отварное яйцо и сыр.","Добавьте сырое яйцо, а при желании и рисовую муку. Хорошо перемешайте массу до однородности.","Сформируйте небольшие котлетки. Выложите их в чашу аэрогриля. Запекайте в режиме «Котлеты» (или при температуре 180–190 °C) около 20 минут"];41;https://www.instagram.com/reel/DNnA0qDoz7W/?igsh=dDdiNjR4bHdjOW0z;
298;Картофель фри;potato-free;6a92510c5c5b0da347184147077f8a9f/?p=EwjWf-pXKAC_59gjj_u51g;garnirs;["Положи картофель в аэрогриль, залей растительным маслом и перемешай","Сначала готовь при 160 °C 5 минут. Потом встряхни картофель и запекай ещё 5 минут при 180 °C","После этого перемешай ещё раз, увеличь температуру до 200 °C и готовь 10 минут","В конце посоли, встряхни — и получишь хрустящий золотистый картофель фри"];10;https://www.instagram.com/reel/DN9-OyaCMok/?igsh=b3h6cDl2NDZsdzV0;
307;Чесночный соус для шаурмы;garlic-sauce;;roll;;1;;
310;Куриная грудка под сырной шапочкой;chicken-under-cheese;eadf8367cbf8f703e55bb11948542ea4/?p=iWmnYR0kYIH5L-C8WNhlUg;oven;["Куриные грудки разрезать вдоль, отбить, слегка посолить","Натереть два вида сыра","Смешать сыр, майонез, яйцо, крахмал и по желанию - чеснок","При необходимости - добавить немного готового сырного соуса","Выложить куриные отбивные на противень","Аккуратно распределить сырную массу поверх каждой отбивной, не оставляя края мяса открытыми","Влить в противень 1\/3 стакана воды (для сочности)","Запекать при 180°С - 15–20 минут, до румяной корочки"];105;https://www.instagram.com/reel/DOp3ff6jMr8/?igsh=MWt3ZDZsOTkxZDk1aA%3D%3D;
312;Салат с куриным карпачо и кукурузой;salad-carpacho-corn;7d755f338828815d0130256e618b0c6e/?p=Dnotb0ogkHMd9JVBwVpOwg;salad;;15;https://www.instagram.com/reel/DIN3bm3t1K3/?igsh=MW5oZ2F2ajV4c3V0aA%3D%3D;
306;Булгур;bulgur;7d31370f21101d4167ba981874ee7bf6/?p=cVWYZV8IdwP5ge0YfdItRw;garnirs;["Разогреваем в сотейнике сливочное и растительное масло","Засыпаем булгур и перемешиваем","Поджариваем пару минут","Вливаем воду","Накрываем крышкой и тушим 15 минут","Добавляем сливочное масло","Жена спасибо за булгур!"];80;https://www.youtube.com/shorts/9pYpMKl6hP4;
311;Горячие бутерброды с шапочкой из икры;hot-sandwiches-with-caviar;f2a9482aeb1f0fcd9a76f49760aea945/?p=Vl4F_uFx-_oq2wt_sUOBPQ;snacks;["Крабовое мясо разрываем на волокна, добавляем  икру, натертый сыр и майонез","На багет выкладываем нашу смесь и ставим в разогретую духовку ~ на 15 минут, с конвекцией","Как шапочка  зарумянится - достаем и наслаждаемся вкусом"];10;https://www.instagram.com/reel/DJDu82eI8GO/?igsh=MW8zeDVnOHFlanNiaQ%3D%3D;
309;Шоколадно банановый коктейль;chocolate-bananza-cocktail;fb7a1a010c7c307d1bcfb03a2b51aa50/?p=tVITu86N1_rtf61KS2ZQ5w;lemonade;;70;https://www.youtube.com/watch?v=lTa1PzG1ZsE;
308;Коктейль «Сникерс»;snickers-cocktail;d419732b824b72a1219ea9080ac45c9c/?p=zgja2oHx1XdqBEcJWbGjYA;lemonade;;60;https://www.youtube.com/watch?v=stdcXKIlXss;
296;Свиные ребрышки;pork-ribs;6958aeb4eda69846bf5ad378e5b56723/?p=-CRsNZ5F0Ck2SZfw3s_BFg;oven;["Свиные ребра промакиваем бумажным полотенцем, смазываем со всех сторон горчицей и посыпаем специями","Заворачиваем сначала в пергаментную бумагу, потом в фольгу и убираем в духовку на 2 часа при температуре 170 градусов","В это время смешиваем все для соуса, подогреваем и размешиваем до однородности","Далее раскрываем ребра, смазываем их соусом и отправляем на 10 минут в духовку при 200 градусах (повторяем так 2 раза)","При подаче посыпаем кунжутными семечками и зеленым луком"];25;https://www.instagram.com/reel/DJhLjSPsoeZ/?igsh=aGwwaHk3dzBvMzJj;
301;Рубленые котлеты с грибами;chopped-cutlets-3;64ac275d08fca8c4ce36e5b439d67d4e/?p=nvUvkBZXoyvqaaCx-whv_Q;cutlets;["Котлеты формируем либо просто ложкой хаотичной формы, либо с помощью кольца, как у меня на видео - руками рубленые котлеты лепить неудобно","Дальше отправляем в заморозку, а перед приготовлением просто достаем за час-два и размораживаем","Аккуратно перекладываем на сковороду и жарим на слабом огне под крышкой","Переворачиваем тогда, когда котлеты сверху схватятся, иначе могу подразвалиться"];21;https://www.instagram.com/reel/DL_815XoKqH/?igsh=MTd0dThtdnVvYnZ5bw%3D%3D;
248;Шницель из курицы;chicken-schnitzel;;cutlets;["Для начала нарежем грудки на слайсы. Я разрезала пополам грудку, а эти половинки - на слайсы. Должны получиться довольно тонкие и средние по размеру куски.","Теперь отбиваем их. И посыпаем солью каждый кусочек.","Подготовим панировку для шницелей. В одной емкости взобьем яйца до однородного состояния (не забудьте присолить), а в другой смешаем муку и паприку, а также молотый черный перец.","Окунаем мясо во взбитые яйца и обваливаем в муке. На разогретую сковороду вливаем подсолнечное масло, чтобы шницели как бы 'плавали' в нем.","Жарим на среднем огне до золотистого цвета.","Выкладываем на тарелку бумажное полотенце, чтобы оно впитало лишний жир. Туда же выкладываем поджаренные шницели.","Приятного аппетита! :)"];25;https://www.russianfood.com/recipes/recipe.php?rid=133965;
299;Рубленые котлеты c кукурузой;chopped-cutlets-1;64ac275d08fca8c4ce36e5b439d67d4e/?p=nvUvkBZXoyvqaaCx-whv_Q;cutlets;["Котлеты формируем либо просто ложкой хаотичной формы, либо с помощью кольца, как у меня на видео - руками рубленые котлеты лепить неудобно","Дальше отправляем в заморозку, а перед приготовлением просто достаем за час-два и размораживаем","Аккуратно перекладываем на сковороду и жарим на слабом огне под крышкой","Переворачиваем тогда, когда котлеты сверху схватятся, иначе могу подразвалиться"];22;https://www.instagram.com/reel/DL_815XoKqH/?igsh=MTd0dThtdnVvYnZ5bw%3D%3D;
305;Отбивные из куриного филе в соевом кляре;chicken-chops-soy;7ead68adcbb1606ef791ffbfda4e5bad/?p=TohzyzBoUHsSxM__n23K3g;meat;["Подготовьте необходимые ингредиенты","Куриное филе промойте и обсушите с помощью бумажного полотенца. Разрежьте каждое филе вдоль на 3 пласта (зависит от толщины филе). У меня получилось 6 пластов","Отбейте каждый кусочек куриного филе с помощью кулинарного молотка. Слегка подсолите (1-2 щепотки)","Для кляра в миске соедините яйца, муку, соль (щепотка), чёрный молотый перец, сушёный чеснок и соевый соус","Перемешайте венчиком до получения однородного жидкого теста","Обмакните куриные отбивные в кляр","Разогрейте сковороду с растительным маслом и выложите туда отбивные","Жарьте куриные отбивные на среднем огне по 5 минут с каждой стороны","Таким образом обжарьте все отбивные","Приятного аппетита!"];70;https://www.russianfood.com/recipes/recipe.php?rid=166010;
